Cell	cell_type
2019-07-01-count-3:GCCCAGAGTGTCACAT	Mono
2019-07-01-count-1:CCCTCTCAGTCAACAA	Mono
2019-07-01-count-3:ATTCATCGTCGAGATG	Mono
2019-07-01-count-3:ATCGTCCAGGCACTCC	Mono
2019-07-01-count-1:ACGGAAGCAATGTTGC	Mono
2019-07-01-count-3:TCAGGTACAAACCACT	DC
2019-07-01-count-3:GGCGTCATCAAGGACG	Mono
2019-07-01-count-1:AATCGACTCGACGCTG	Mono
2019-07-01-count-1:ACACGCGGTTTCGGCG	Mono
2019-07-01-count-1:GAGACTTGTGAATATG	Mono
2019-07-01-count-1:GCTGAATCATGTTTGG	Gran
2019-07-01-count-2:CGTTGGGGTCTCTCTG	Gran
2019-07-01-count-1:AGATCCATCCGATGTA	Gran
2019-07-01-count-1:GTCGCGAAGGAAGTCC	Mono
2019-07-01-count-1:GGGTTATCAAATCGGG	Mono
2019-07-01-count-3:CTTCTAATCTTACCGC	Gran
2019-07-01-count-3:GTCCCATCAACACAGG	DC
2019-07-01-count-3:TCCTCTTCAAATGGTA	DC
2019-07-01-count-1:CACTGGGCACCTGCTT	Mono
2019-07-01-count-1:GTACAACTCGGCTGAC	Mono
2019-07-01-count-2:GATCATGTCCTACGGG	Mono
2019-07-01-count-2:ACATGCAAGAGAGCCT	Mono
2019-07-01-count-2:GGTGAAGCATCCTCAC	Mono
2019-07-01-count-3:AGTAGCTGTATCCCAA	Mono
2019-07-01-count-1:TACTGCCCAATAAGGT	Mono
2019-07-01-count-1:CAACCTCAGGCGCTCT	HSPC
2019-07-01-count-3:TGTCAGAGTCGAAGCA	Mono
2019-07-01-count-2:CTGTACCCACCTGCGA	Mono
2019-07-01-count-2:GTGAGGACACATACGT	Mono
2019-07-01-count-3:ACTGCAACAGCCTACG	Mono
2019-07-01-count-1:TCCGATCTCCTGCCAT	Mono
2019-07-01-count-1:CTCTCGAAGTGAGGTC	Mono
2019-07-01-count-1:CCGGTAGGTTGAATCC	DC
2019-07-01-count-3:TGTGTGATCCGATGTA	Mono
2019-07-01-count-1:GTCAAGTGTAGGCAAC	Mono
2019-07-01-count-1:GGGTATTAGTCTAGCT	HSPC
2019-07-01-count-1:ATTCCCGAGGGAACAA	Mono
2019-07-01-count-3:ATTTCACAGCGTTAGG	HSPC
2019-07-01-count-2:CGAATTGGTCCCACGA	Mono
2019-07-01-count-2:TCTCCGAGTCGTATGT	Mono
2019-07-01-count-1:GTTCTATTCCCGTGTT	Mono
2019-07-01-count-1:TCATACTTCTTGGAAC	Mono
2019-07-01-count-3:GCTTCACAGTGTGTTC	Mono
2019-07-01-count-2:ACAGCCGGTAGGAAAG	B
2019-07-01-count-2:CAATTTCAGAAACTCA	HSPC
2019-07-01-count-1:ATACTTCTCTAACGCA	HSPC
2019-07-01-count-3:CATACTTGTAGCTTTG	Mono
2019-07-01-count-2:TACTTGTTCGGTCGAC	Ery
2019-07-01-count-2:CTACCTGAGGCCTTGC	HSPC
2019-07-01-count-1:TTCGGTCCATAACTCG	Mono
2019-07-01-count-2:ATGATCGGTCTCAGAT	Mono
2019-07-01-count-1:ATCGGCGTCGTCCTTG	Mono
2019-07-01-count-2:GTTATGGCAGATCACT	HSPC
2019-07-01-count-3:AGCGCTGTCGGCAGTC	Mono
2019-07-01-count-3:AGAGCAGGTCAAGGCA	Mono
2019-07-01-count-3:CTGTGGGAGCTGTTAC	Mono
2019-07-01-count-1:TTGAGTGGTGTGAGCA	Gran
2019-07-01-count-2:GGTTCTCGTGCATGAG	Mono
2019-07-01-count-3:AAGCATCGTTCGAACT	HSPC
2019-07-01-count-1:GTATTTCTCGATTTCT	Mono
2019-07-01-count-2:GCCATGGAGGGTGGGA	Mono
2019-07-01-count-3:ATGGGAGCAACCGTGC	Mono
2019-07-01-count-1:TTCGGTCAGTGATTCC	Mono
2019-07-01-count-1:TACGCTCCAGTCAGTT	Mono
2019-07-01-count-3:GTGAGTTAGTGCCCGT	HSPC
2019-07-01-count-2:AGAACCTGTGGATCGA	Mono
2019-07-01-count-2:CTGTGGGCACGGGTAA	HSPC
2019-07-01-count-3:CCTACGTGTGCACAAG	Mono
2019-07-01-count-3:CTCATCGGTTCCACAA	Mono
2019-07-01-count-3:TCCATCGCATACAGGG	B
2019-07-01-count-1:ATTGGGTGTACAAAGT	Gran
2019-07-01-count-3:ACTCTCGAGTGGTGGT	Gran
2019-07-01-count-3:TGTTTGTAGGGAACAA	Mono
2019-07-01-count-1:AGGAAATAGGTTCTAC	Mono
2019-07-01-count-1:GTGGAAGAGATGCTTC	Mono
2019-07-01-count-1:TTGGTTTTCGCAGTTA	Mono
2019-07-01-count-1:TATTTCGCACCTCTGT	Mono
2019-07-01-count-1:AGAAGTATCAACTACG	HSPC
2019-07-01-count-3:TGAGTCACACATACGT	Mono
2019-07-01-count-1:AGATGCTAGAGTTGTA	Mono
2019-07-01-count-1:GGGCTCAGTTGATCGT	Mono
2019-07-01-count-2:TGAATGCCATGTTTGG	Mono
2019-07-01-count-1:CAATGACTCCTACCGT	Mono
2019-07-01-count-3:GATCAGTGTGTGTGGA	Mono
2019-07-01-count-1:GAACGTTAGAACTTCC	Mono
2019-07-01-count-3:ATTCATCAGCACCAGA	HSPC
2019-07-01-count-1:TTACCGCCACGACGAA	Mono
2019-07-01-count-3:GATCATGGTCACTTCC	Mono
2019-07-01-count-1:ATGAAAGTCCGGCTTT	Gran
2019-07-01-count-1:CGGGTCATCGCATAGT	HSPC
2019-07-01-count-2:CTACCTGAGGATTTAG	Mono
2019-07-01-count-3:CGACAGCTCCTTCAGC	Mono
2019-07-01-count-3:TCTCCGAGTGTTTCTT	Mono
2019-07-01-count-1:CGAGGAAGTTGGTGTT	HSPC
2019-07-01-count-1:CGTGAATCAACCGCTG	B
2019-07-01-count-2:AGGACGAAGAAATCCA	Mono
2019-07-01-count-2:GATCATGTCCAATCTT	HSPC
2019-07-01-count-1:AGCGTCGAGGTAGATT	HSPC
2019-07-01-count-1:GACCCTTAGATCCGAG	Mono
2019-07-01-count-1:GAAACCTCAATTGCTG	Mono
2019-07-01-count-1:TTACTGTGTATGCGTT	Mono
2019-07-01-count-3:GCGTGCATCATGGCCG	Mono
2019-07-01-count-1:AACCATGGTCGAGCTC	B
2019-07-01-count-3:AGACAAACATACAGAA	HSPC
2019-07-01-count-1:AGGAAATGTTTCGATG	Mono
2019-07-01-count-2:CTACATTAGGCATTTC	Mono
2019-07-01-count-2:TTTGTTGGTCTAGGTT	T
2019-07-01-count-3:ATCCCTGAGGTCGCCT	DC
2019-07-01-count-1:AGGGTTTAGCAAGGAA	Mono
2019-07-01-count-3:CCTGTTGGTGATCGTT	Mono
2019-07-01-count-1:TGAGGAGGTCACTCTC	Gran
2019-07-01-count-1:CCATAAGAGGGTACAC	HSPC
2019-07-01-count-3:ACCCTCACAATCGCAT	DC
2019-07-01-count-1:ACCCTTGCATAATCGC	Mono
2019-07-01-count-2:TGCATCCAGCATTTCG	HSPC
2019-07-01-count-3:CGTTAGAAGTAATACG	Mono
2019-07-01-count-2:ATCACGAAGGACAAGA	T
2019-07-01-count-1:TTTGTTGCAACCAATC	Mono
2019-07-01-count-3:CCATCACCAGCTATAC	DC
2019-07-01-count-2:CCCTCTCAGTCCCGAC	Gran
2019-07-01-count-3:TACCCGTGTCGAGCAA	Mono
2019-07-01-count-2:GTCTACCTCCAGTACA	Mono
2019-07-01-count-1:AGACAAATCGACCAAT	Mono
2019-07-01-count-1:TAACCAGCAGAACTAA	Mono
2019-07-01-count-3:TCCTCTTAGGTAAACT	HSPC
2019-07-01-count-1:CTGCTCATCGAGCCTG	Mono
2019-07-01-count-2:GAGGCAATCCGTGTGG	HSPC
2019-07-01-count-1:GTAGTACGTTCCGCTT	T
2019-07-01-count-2:TTTGACTAGTGATCGG	Mono
2019-07-01-count-1:CATGCTCTCATTGCGA	Mono
2019-07-01-count-2:TCCCACACACCTCTGT	HSPC
2019-07-01-count-2:CGTTCTGCATACACCA	HSPC
2019-07-01-count-3:ATGATCGGTGACTATC	Mono
2019-07-01-count-1:CTTTCAAAGTTCCATG	Gran
2019-07-01-count-3:GCCCGAAGTAATCAGA	HSPC
2019-07-01-count-2:AATGACCCATGACAGG	Mono
2019-07-01-count-1:ACACAGTAGGGAGGTG	Gran
2019-07-01-count-1:GAGGCCTAGTGTTCCA	Mono
2019-07-01-count-3:ACTATTCGTCCGAAAG	Mono
2019-07-01-count-2:CCTATCGGTTCAATCG	B
2019-07-01-count-3:GATTCTTAGATGAAGG	Mono
2019-07-01-count-1:AATCGACGTTGATCGT	Mono
2019-07-01-count-1:AGGAAATTCTTCGGAA	Mono
2019-07-01-count-3:TTTAGTCAGCGTGAAC	HSPC
2019-07-01-count-3:GCAGTTATCGCACGGT	T
2019-07-01-count-3:TGAGGTTTCAAGCCTA	HSPC
2019-07-01-count-3:AGAGCAGTCTTGAACG	Mono
2019-07-01-count-2:AGCTCAATCCTAGCGG	DC
2019-07-01-count-2:GGAGATGGTGAGAGGG	Mono
2019-07-01-count-1:ACCCAAAGTATGAGCG	Mono
2019-07-01-count-3:AGCGTCGAGGGTTTCT	HSPC
2019-07-01-count-2:GCACTAACAGTGTATC	Mono
2019-07-01-count-1:CACGTGGTCGCCGATG	HSPC
2019-07-01-count-1:AGGGTGATCGGCTTGG	Mono
2019-07-01-count-2:AATGGAACAGTCAGTT	Mono
2019-07-01-count-3:TCACAAGCAATAACGA	Mono
2019-07-01-count-2:CATACTTAGGAATCGC	Mono
2019-07-01-count-3:GTTGCGGGTACGTGTT	DC
2019-07-01-count-1:TTAGGGTCAAGTCGTT	HSPC
2019-07-01-count-1:AACCAACCATCGCCTT	Mono
2019-07-01-count-2:CTTCTCTCAGATACCT	Mono
2019-07-01-count-1:CATTGCCAGTGCTCAT	Mono
2019-07-01-count-1:TATTTCGGTGTCACAT	Gran
2019-07-01-count-1:GTCGAATTCGTCGACG	Mono
2019-07-01-count-1:TCAGTGACAGCTACTA	Mono
2019-07-01-count-1:ACCATTTTCCATCCGT	HSPC
2019-07-01-count-1:TTCCAATCAGTTGGTT	HSPC
2019-07-01-count-2:CGTAGTATCAGTCTTT	Mono
2019-07-01-count-2:CATGCTCAGATAACAC	Mono
2019-07-01-count-3:TTACGTTTCATAAGGA	Mono
2019-07-01-count-1:AGATCCAAGACTCAAA	Gran
2019-07-01-count-1:GTAGTACGTGCGTCGT	Mono
2019-07-01-count-1:TTCCAATGTACTCCCT	Mono
2019-07-01-count-1:GGGAAGTAGACCAACG	Mono
2019-07-01-count-3:GGGTGAAAGAGAGGGC	DC
2019-07-01-count-3:CTATCCGCAAAGACTA	B
2019-07-01-count-3:GAGCTGCAGGTTGCCC	Mono
2019-07-01-count-1:CCACTTGAGGAGATAG	Mono
2019-07-01-count-2:CAGGTATCATTGGCAT	Mono
2019-07-01-count-2:GCATGATTCGCCGAGT	Mono
2019-07-01-count-2:AGTCACAGTAGGAGTC	HSPC
2019-07-01-count-1:TCATGCCAGGAAGTAG	Mono
2019-07-01-count-1:GTCGCGAGTACAAAGT	Mono
2019-07-01-count-1:GAGTCATGTTATCCAG	DC
2019-07-01-count-2:AAGGAATAGGGCGAAG	Mono
2019-07-01-count-3:GCATCGGAGTCTTCGA	Mono
2019-07-01-count-2:GACGTTAGTTCGATTG	Mono
2019-07-01-count-3:CACGAATAGACAAGCC	Mono
2019-07-01-count-3:CCATAAGCATCATCTT	Mono
2019-07-01-count-3:GATGACTGTGACTCTA	Mono
2019-07-01-count-1:ACAGAAACAATGACCT	Gran
2019-07-01-count-1:GTGGAGATCTTCGGAA	Mono
2019-07-01-count-1:CGTAGTAGTACTGGGA	Mono
2019-07-01-count-1:GTCTGTCCACCAGTAT	HSPC
2019-07-01-count-1:CATGCCTGTGAGTAAT	Mono
2019-07-01-count-1:GCCGTGACAGCGTGCT	Mono
2019-07-01-count-1:GCTCAAAAGCCTCTCT	Mono
2019-07-01-count-3:AATCACGGTAACGCGA	HSPC
2019-07-01-count-3:TATTCCAAGAACGCGT	Mono
2019-07-01-count-2:TCACTCGAGGAAGTAG	DC
2019-07-01-count-3:CGACAGCAGTGAACAT	HSPC
2019-07-01-count-2:CTCCATGGTGTTCATG	T
2019-07-01-count-1:CGTAGTAGTCGTTCAA	DC
2019-07-01-count-1:TGTTCCGCAACCGACC	Mono
2019-07-01-count-2:CTGTCGTCAAGTGTCT	Mono
2019-07-01-count-1:TGATTTCGTCGAAACG	Mono
2019-07-01-count-1:CTGATCCCATATGAAG	Mono
2019-07-01-count-3:TCTGTCGAGTGCACTT	Mono
2019-07-01-count-3:AGGTGTTTCGATGGAG	Mono
2019-07-01-count-1:GTGGTTAAGGTAGATT	Gran
2019-07-01-count-1:TTGTGTTAGGGAGTTC	Mono
2019-07-01-count-1:GTTGTGAAGCTCTTCC	HSPC
2019-07-01-count-2:TCGTAGATCCACTGAA	Mono
2019-07-01-count-2:TGGGCTGGTTGTGGCC	Mono
2019-07-01-count-2:GAAGAATTCCCTATTA	Mono
2019-07-01-count-2:CATTGTTCAAGAATGT	Mono
2019-07-01-count-3:AGGGTGAGTGACTCGC	Mono
2019-07-01-count-2:TGCTGAAGTGGTTTGT	Mono
2019-07-01-count-2:TTTCCTCGTGGGACAT	Mono
2019-07-01-count-2:CATGCAAAGGTTGCCC	Mono
2019-07-01-count-2:AGTGATCCATCACCAA	Gran
2019-07-01-count-2:GTAGAAACAATCCTTT	Mono
2019-07-01-count-2:AAACGCTAGAGATGCC	T
2019-07-01-count-2:GCACTAAGTCTACAAC	Mono
2019-07-01-count-2:CATCAAGTCCACTTTA	Mono
2019-07-01-count-2:GTTGTCCCAGACCAAG	Mono
2019-07-01-count-3:ATACCGAAGAGTATAC	Gran
2019-07-01-count-3:AGAACAAGTTGATGTC	Mono
2019-07-01-count-3:TGTGATGTCCAATGCA	Mono
2019-07-01-count-1:TACTTGTTCCTCTCTT	Mono
2019-07-01-count-3:GATCCCTAGATCACTC	Mono
2019-07-01-count-3:CGGACACCAAATCCCA	Mono
2019-07-01-count-3:ACTCCCAAGTTGTCGT	HSPC
2019-07-01-count-3:GAGCTGCAGCGTGCCT	HSPC
2019-07-01-count-3:TCAGCCTAGACTTGTC	HSPC
2019-07-01-count-1:ATGAGGGGTACGAGTG	Mono
2019-07-01-count-3:TCTTCCTTCTTGATTC	B
2019-07-01-count-3:ACTCCCATCTTTGCGC	Gran
2019-07-01-count-2:CAATCGAAGCTTAGTC	Mono
2019-07-01-count-2:GATTTCTGTTGTCAGT	Mono
2019-07-01-count-2:GCAGCTGTCATTGTTC	B
2019-07-01-count-2:AAGGTAACATGGGATG	HSPC
2019-07-01-count-2:CGACAGCTCGAACGGA	HSPC
2019-07-01-count-2:CTGTCGTCATAGAGGC	Mono
2019-07-01-count-2:AAGCGAGCACCGAATT	Mono
2019-07-01-count-3:CAGGTATAGAGCAAGA	Mono
2019-07-01-count-3:GTTCGCTTCTCGAGTA	Mono
2019-07-01-count-3:ACGGTTACATTGAGGG	HSPC
2019-07-01-count-2:TCCTTTCCAAATTGCC	HSPC
2019-07-01-count-1:AATCACGTCCGGTTCT	Mono
2019-07-01-count-2:TGAGCGCAGCCGATCC	Mono
2019-07-01-count-2:AACAAGACAAGGACAC	Mono
2019-07-01-count-1:GGGTGTCTCGGTTGTA	Mono
2019-07-01-count-2:CTGTATTTCCTAAGTG	Mono
2019-07-01-count-1:CTACAGAGTGGATACG	Mono
2019-07-01-count-1:TAGGAGGAGCTGAGTG	Gran
2019-07-01-count-1:CAGGGCTTCCATGAGT	Mono
2019-07-01-count-3:ATCGTCCAGTATAGGT	Mono
2019-07-01-count-1:GACAGCCCACAGCTGC	HSPC
2019-07-01-count-3:GACTCTCTCTGGTCAA	Mono
2019-07-01-count-1:AGCTTCCGTATGACAA	Mono
2019-07-01-count-2:TGGTTAGAGTGCGTCC	Mono
2019-07-01-count-1:CTCCTCCAGGCGTTGA	DC
2019-07-01-count-2:AACAGGGAGTCCGCCA	T
2019-07-01-count-2:GTGAGCCCAAAGGCTG	Mono
2019-07-01-count-3:TGAGGTTCAACTCCAA	HSPC
2019-07-01-count-2:CGGACACCACCCTTAC	Mono
2019-07-01-count-2:TCGCTTGCAGAGAGGG	Mono
2019-07-01-count-1:TTCCGGTCACTGTGTA	Mono
2019-07-01-count-2:TCTCCGAAGCAATTCC	Ery
2019-07-01-count-1:GTCGCGATCCGCTGTT	Mono
2019-07-01-count-1:TGAGACTGTCAAATCC	Gran
2019-07-01-count-3:CATGCCTTCGTACCTC	Mono
2019-07-01-count-2:AGTTCGACAGGTCAAG	Mono
2019-07-01-count-2:GATTGGTTCTGGAAGG	Mono
2019-07-01-count-1:ACGTAGTGTAGAAACT	Mono
2019-07-01-count-1:TCGTGCTCACCCTTGT	Mono
2019-07-01-count-2:CTCACTGAGTGAGGTC	Mono
2019-07-01-count-2:ATCCATTGTATTCTCT	Mono
2019-07-01-count-2:CTCACTGAGTAACAGT	Gran
2019-07-01-count-2:ATCGGCGCACAAGCAG	Mono
2019-07-01-count-2:GTCATGAGTTCGTGCG	Mono
2019-07-01-count-2:CTCAACCCACGGAAGT	Mono
2019-07-01-count-1:ATTATCCCAGAGGCAT	Gran
2019-07-01-count-3:TCGGGCAGTAGGAAAG	Mono
2019-07-01-count-2:GTCGTTCGTGGGACAT	Mono
2019-07-01-count-2:TAGCACACACATTCTT	Mono
2019-07-01-count-1:ACTTCCGAGAACAAGG	Mono
2019-07-01-count-2:CGAAGTTAGATGAAGG	Gran
2019-07-01-count-3:TCCTTCTGTATTAAGG	Mono
2019-07-01-count-3:AACGAAACACTTGACA	Mono
2019-07-01-count-2:CGTCAAAAGACCTTTG	Mono
2019-07-01-count-1:AAACGCTTCAAGAGTA	Mono
2019-07-01-count-1:AATGCCATCCTGGGTG	Mono
2019-07-01-count-3:TTGGGTAAGGGTCTTT	Mono
2019-07-01-count-3:CATAGACGTAGGTTTC	Mono
2019-07-01-count-1:TGCATCCGTAACCCTA	HSPC
2019-07-01-count-2:CCCTTAGCAAGTGATA	HSPC
2019-07-01-count-2:TGATTCTTCAGGACGA	Mono
2019-07-01-count-3:TGACAGTAGGCCTGCT	Mono
2019-07-01-count-1:CCTCCAAGTCGAAGCA	Gran
2019-07-01-count-1:TCTTGCGAGTTGGGAC	Mono
2019-07-01-count-1:TTGTTGTGTGACTCGC	DC
2019-07-01-count-3:TGCATGAGTCCAGCCA	HSPC
2019-07-01-count-1:TCATGGAAGCATCCCG	Mono
2019-07-01-count-1:CATCGCTTCAGCCTTC	Gran
2019-07-01-count-1:ACTGTCCTCGACGCTG	Mono
2019-07-01-count-2:TCGCTTGAGTCAACAA	HSPC
2019-07-01-count-1:ATTTACCAGCCTCAAT	Gran
2019-07-01-count-1:GTGGCGTAGTCACTCA	Mono
2019-07-01-count-2:GCCAACGAGATAACAC	Mono
2019-07-01-count-2:TGCTCCACATCAGCGC	Mono
2019-07-01-count-1:TCCGTGTTCCTATTTG	Mono
2019-07-01-count-2:ATAGACCGTCGGTGAA	DC
2019-07-01-count-3:TTAGGCAGTTCGTTCC	Mono
2019-07-01-count-1:TCAGTGATCAACGTGT	Mono
2019-07-01-count-1:GCCGATGTCCACAGGC	Mono
2019-07-01-count-3:CATTCATGTGTAAACA	Mono
2019-07-01-count-1:TCGGGCAAGGGCAGAG	Mono
2019-07-01-count-1:CACTGTCGTGTGCTTA	Mono
2019-07-01-count-1:TCGGGCAAGGCTGAAC	Gran
2019-07-01-count-1:CTTACCGCACGCTTAA	Mono
2019-07-01-count-1:GTTCTATTCCAATCTT	Mono
2019-07-01-count-3:CGGAGAATCGGTGTAT	HSPC
2019-07-01-count-3:CAATACGTCAACTGAC	HSPC
2019-07-01-count-1:AGAAGCGAGAGTCTGG	Mono
2019-07-01-count-1:CATGCTCCACTGTGAT	DC
2019-07-01-count-2:TAGGTACGTTTACTGG	Mono
2019-07-01-count-1:TTCCTAAAGGGCAGAG	Mono
2019-07-01-count-3:TGATCAGAGGTAAACT	Gran
2019-07-01-count-1:TTGTGGATCGGCTATA	HSPC
2019-07-01-count-2:GCCAGGTAGCAAGCCA	DC
2019-07-01-count-2:AAACGAAAGCGGTAAC	T
2019-07-01-count-3:GGAACCCGTTTAGAGA	DC
2019-07-01-count-1:CATGCTCTCTGTGCAA	HSPC
2019-07-01-count-3:TGTTCTATCGCACTCT	HSPC
2019-07-01-count-2:CAAGCTACAGAGAGGG	Mono
2019-07-01-count-3:AGAGCAGTCTCGCCTA	Gran
2019-07-01-count-3:GTGGGAAGTTTGTTGG	Mono
2019-07-01-count-3:AGGCATTCACTTGTGA	DC
2019-07-01-count-2:CTGGTCTCAGAGGACT	Gran
2019-07-01-count-3:GTTTGGACATTGCTGA	Mono
2019-07-01-count-3:GCGTTTCCACTTCATT	DC
2019-07-01-count-1:CCGATGGAGATGATTG	Mono
2019-07-01-count-3:GACAGCCCAGTTAGAA	Mono
2019-07-01-count-1:CCCTCTCGTTATCCAG	HSPC
2019-07-01-count-2:TTCACGCGTCGTAATC	Mono
2019-07-01-count-1:GAACGTTGTCGGCACT	Mono
2019-07-01-count-2:GATAGCTGTATTTCTC	Mono
2019-07-01-count-3:TGTTGGACAGTGTGGA	Mono
2019-07-01-count-2:ACACGCGCAGCTGAGA	Mono
2019-07-01-count-1:CCTTCAGTCGGTGTAT	Mono
2019-07-01-count-1:CACGTGGGTTGCTCCT	Mono
2019-07-01-count-2:ACCCAAACACAATTCG	Gran
2019-07-01-count-2:CTAACCCTCTCGGTCT	B
2019-07-01-count-3:GGCTGTGTCCCTCATG	Mono
2019-07-01-count-2:GTAGAGGGTATCAGCT	Mono
2019-07-01-count-2:TCATCCGGTCAACCTA	Gran
2019-07-01-count-1:CATCGGGTCCATAGGT	Mono
2019-07-01-count-2:CTCCCAAAGGCTCACC	HSPC
2019-07-01-count-2:CATCCACTCCTTGACC	Mono
2019-07-01-count-2:ACATCCCAGTAGATCA	Mono
2019-07-01-count-3:CGGAGAACATACAGAA	Mono
2019-07-01-count-1:TCTCCGACAGACTCTA	Mono
2019-07-01-count-1:TGCTCCAAGCATAGGC	Mono
2019-07-01-count-2:ACCAACACATGCCATA	HSPC
2019-07-01-count-1:AATCACGGTTCCACAA	Mono
2019-07-01-count-3:CCGTAGGCAATTGCTG	Mono
2019-07-01-count-1:ACATTTCAGTATGCAA	Mono
2019-07-01-count-2:GTGCAGCTCAGCTCTC	Mono
2019-07-01-count-2:TGTCCCACACAGAGAC	Mono
2019-07-01-count-1:CTGCCTACAGGTCCGT	Mono
2019-07-01-count-1:GTCGAATAGTCTGTAC	Mono
2019-07-01-count-3:ACCCAAAGTCCGAAGA	Mono
2019-07-01-count-2:CGGAATTTCAGGAGAC	Mono
2019-07-01-count-3:TCAAGTGGTAGTTACC	B
2019-07-01-count-1:GTATTGGGTCTGCCTT	Mono
2019-07-01-count-2:GAAGTAACACAAATGA	Mono
2019-07-01-count-1:TCACTCGCATGGAACG	Gran
2019-07-01-count-1:CCACGTTTCTGTGTGA	Gran
2019-07-01-count-1:TTCCAATGTTTACACG	DC
2019-07-01-count-2:CTCAACCTCTCCCTAG	Mono
2019-07-01-count-2:GATTCGAGTACCGTCG	Mono
2019-07-01-count-2:GGGTTTAGTCTAACTG	Mono
2019-07-01-count-3:TCGCTTGCACCATTCC	Mono
2019-07-01-count-2:CTACAGACATCGCTCT	Mono
2019-07-01-count-3:AAGGTAAAGGTCTGGA	Mono
2019-07-01-count-2:TTGTTGTAGTCCCAGC	Mono
2019-07-01-count-3:AGGCCACAGACGCATG	Mono
2019-07-01-count-1:CCACTTGGTTAGAAGT	DC
2019-07-01-count-1:CTCCTCCGTCGAGTGA	Mono
2019-07-01-count-3:AGCTTCCAGTACCCTA	Mono
2019-07-01-count-2:GAATAGATCAACGAGG	Mono
2019-07-01-count-1:TTCCGGTCAACGTATC	Mono
2019-07-01-count-2:TACATTCAGGATCATA	HSPC
2019-07-01-count-1:CAACAACTCGCTCATC	Gran
2019-07-01-count-1:CTGGACGTCAGCTAGT	Mono
2019-07-01-count-2:AAAGTCCTCAGTGATC	Mono
2019-07-01-count-1:GTCGTAATCGCCAATA	Mono
2019-07-01-count-2:GGGACAAGTGAGTCAG	Mono
2019-07-01-count-3:AGATAGATCCATATGG	Mono
2019-07-01-count-2:ACGTAACAGGATTTCC	Mono
2019-07-01-count-1:CAGTTAGAGGAGCTGT	Mono
2019-07-01-count-1:CTGGACGTCCCTCTCC	Mono
2019-07-01-count-1:TAGATCGAGGGCAGTT	HSPC
2019-07-01-count-3:GGCTTTCTCCTCTAAT	HSPC
2019-07-01-count-3:ATCCATTTCTAGTGAC	DC
2019-07-01-count-1:CTGAGGCCAGCTATAC	Mono
2019-07-01-count-1:GTGTGGCCAAACTAGA	HSPC
2019-07-01-count-3:GCCATTCAGTAAGGGA	B
2019-07-01-count-1:TGACCCTTCTATCCAT	Mono
2019-07-01-count-2:TTCCGGTCAATAGTCC	Gran
2019-07-01-count-3:GAGTCATTCCGGACTG	Mono
2019-07-01-count-2:TTTCACAAGCCTAGGA	Mono
2019-07-01-count-1:GGGTATTCAAGATGGC	HSPC
2019-07-01-count-1:TCGATTTTCTCAGAAC	Mono
2019-07-01-count-2:ATACTTCCAACCGTAT	Gran
2019-07-01-count-3:AAGTCGTTCTCATAGG	T
2019-07-01-count-1:CGAGGCTAGCAAATGT	HSPC
2019-07-01-count-2:ATTCGTTGTGTCCGTG	Gran
2019-07-01-count-2:CCTAAGAAGAGGGTGG	DC
2019-07-01-count-2:AGGTAGGGTCGCCACA	HSPC
2019-07-01-count-2:ATGGGTTGTGTTTGCA	Mono
2019-07-01-count-2:TAACACGAGCGAGAAA	Mono
2019-07-01-count-1:AGGAATAAGGAGCAAA	T
2019-07-01-count-2:AGCGATTGTGACAGGT	HSPC
2019-07-01-count-3:CCTCTAGGTTTGATCG	T
2019-07-01-count-2:CACGTTCTCTCCGAGG	Mono
2019-07-01-count-2:ACCGTTCGTCACTCGG	Mono
2019-07-01-count-2:AGCATCAAGAGGTGCT	Mono
2019-07-01-count-1:ATCTCTAAGTTCCATG	DC
2019-07-01-count-1:CGTGATAGTGCAATAA	Mono
2019-07-01-count-2:GTAATGCGTTCTCAGA	HSPC
2019-07-01-count-3:ATCCTATAGATTGAGT	Mono
2019-07-01-count-1:GCTGGGTTCGCAGTGC	Mono
2019-07-01-count-2:AAGTGAACAGGCATGA	Mono
2019-07-01-count-3:GTCTCACCAGTGTACT	Mono
2019-07-01-count-1:AGACCCGTCGTCGACG	Mono
2019-07-01-count-3:GTTGTCCTCAAGAGTA	Mono
2019-07-01-count-3:GGGATGAGTCCTCCAT	DC
2019-07-01-count-2:AAGGTAACAGCTGTCG	Mono
2019-07-01-count-2:ATTCCCGTCGCCAGAC	Mono
2019-07-01-count-1:TCTACCGGTCCGTTTC	HSPC
2019-07-01-count-3:TCTATCACAATAGGGC	B
2019-07-01-count-1:CGTCCATAGCAACCAG	Mono
2019-07-01-count-3:CTCAGGGGTCTCCCTA	B
2019-07-01-count-1:CTCCACATCGGTGTAT	Mono
2019-07-01-count-3:GTCGAATAGCCATTGT	Mono
2019-07-01-count-2:ATCCATTGTGTAGTGG	HSPC
2019-07-01-count-2:TAACGACTCCTCTCGA	Mono
2019-07-01-count-2:TGTACAGTCTGAGGTT	Mono
2019-07-01-count-1:GCTTGGGTCTTTCTAG	Mono
2019-07-01-count-2:ATAGGCTTCCATCTCG	Gran
2019-07-01-count-2:GGCAGTCCACAGTACT	HSPC
2019-07-01-count-3:TTGACCCCAACAGCCC	Mono
2019-07-01-count-2:TCCTCTTTCATACGGT	Mono
2019-07-01-count-3:TATTGCTGTCTCGCGA	Mono
2019-07-01-count-1:AGTTCGAGTGTTCATG	DC
2019-07-01-count-1:CACGAATTCCTACTGC	Mono
2019-07-01-count-3:GGGCCATGTCAGCTTA	Mono
2019-07-01-count-3:GTGGTTAAGGAGTATT	Mono
2019-07-01-count-1:CGATGGCGTCTTCCGT	Mono
2019-07-01-count-3:AGGTTGTCAGCAGAAC	Mono
2019-07-01-count-3:GGTCTGGTCGCCGAAC	Ery
2019-07-01-count-1:TGGTACAGTTTCGTGA	Mono
2019-07-01-count-1:CACGTGGCACATATGC	DC
2019-07-01-count-1:TTCGGTCGTCGTCATA	Mono
2019-07-01-count-3:GTGACGCTCTGTACAG	Mono
2019-07-01-count-3:TGCACGGTCTACAGGT	Mono
2019-07-01-count-1:AAGTTCGGTCTGTGAT	Mono
2019-07-01-count-1:TTCATGTAGAAGCCTG	Mono
2019-07-01-count-2:GTTAGACCATCTGGGC	Gran
2019-07-01-count-1:TTTAGTCCATTAAGCC	Mono
2019-07-01-count-3:TCTTCCTGTAAGGTCG	Mono
2019-07-01-count-2:TTTGACTCAGAGCGTA	Gran
2019-07-01-count-1:TTCTAACTCAGAACCT	Gran
2019-07-01-count-2:TGCTTGCAGTGCACCC	B
2019-07-01-count-3:TGAGGAGAGAGCCATG	Mono
2019-07-01-count-1:GTGAGGATCCATCACC	Mono
2019-07-01-count-1:GGCAGTCGTGAATGAT	Mono
2019-07-01-count-3:TGTTCCGAGTAGCATA	Mono
2019-07-01-count-1:GTCCCATTCACTGCTC	Mono
2019-07-01-count-3:AGTACCAGTATGAAGT	Mono
2019-07-01-count-3:TCTATACGTTTCGTAG	Mono
2019-07-01-count-3:GGTCACGGTTAGGAGC	HSPC
2019-07-01-count-1:GAACACTAGGACTATA	Mono
2019-07-01-count-2:TCAATCTCACGGATCC	Mono
2019-07-01-count-2:TGTTGGACAACATACC	Mono
2019-07-01-count-1:CGATGCGAGACCGTTT	HSPC
2019-07-01-count-3:TCCAGAAGTTAGGGTG	Mono
2019-07-01-count-3:CCTCAACTCGACCTAA	Mono
2019-07-01-count-3:GTGTGATGTCGGTAAG	Mono
2019-07-01-count-2:GGGCTACAGTCACTGT	Mono
2019-07-01-count-3:GATCACATCTTCGATT	Gran
2019-07-01-count-3:ACCCAAATCGAACGCC	Mono
2019-07-01-count-1:GGAATCTTCTGCTGAA	Mono
2019-07-01-count-2:AAGCGTTAGGCACTAG	Mono
2019-07-01-count-3:GTCAAACCAATACGCT	HSPC
2019-07-01-count-1:CTTAGGACATCAGCGC	Mono
2019-07-01-count-1:TGTGATGGTTGCTCAA	Mono
2019-07-01-count-3:TACCGAATCTGGACCG	HSPC
2019-07-01-count-3:AATCGTGCAATTGAGA	Gran
2019-07-01-count-3:AGTGCCGTCGTTAGAC	Gran
2019-07-01-count-2:CTTGATTGTTAGAGAT	Mono
2019-07-01-count-1:CAATTTCCAAATGATG	HSPC
2019-07-01-count-1:GTCGCGACACAATGTC	Mono
2019-07-01-count-1:ACGTAACTCTCGTGGG	Mono
2019-07-01-count-2:CGTCCATCAAATCCCA	Mono
2019-07-01-count-2:TTTGGTTTCATCCTGC	Mono
2019-07-01-count-3:TGAGGTTGTCGCAGTC	Mono
2019-07-01-count-3:ATCCACCGTAACACCT	HSPC
2019-07-01-count-1:GGTGAAGGTAAGATTG	Mono
2019-07-01-count-2:AAGGAATTCCACAAGT	Gran
2019-07-01-count-3:GCCCGAACAACACTAC	Gran
2019-07-01-count-1:CTCAGTCAGCGTTCAT	Mono
2019-07-01-count-1:GTCAAACGTTCGGCCA	Mono
2019-07-01-count-3:TAAGCCACACTTGTCC	Mono
2019-07-01-count-3:GGTAGAGGTCACGACC	Mono
2019-07-01-count-2:CCACACTTCCTTCGAC	Mono
2019-07-01-count-1:AATGACCCAATAACCC	Mono
2019-07-01-count-3:GATCCCTTCTTGTGCC	Mono
2019-07-01-count-3:AATGACCGTAACATCC	Mono
2019-07-01-count-2:AATCGTGGTATGCGGA	HSPC
2019-07-01-count-1:TGTTTGTTCCAACACA	Mono
2019-07-01-count-3:ATCGGCGGTGGAGGTT	Mono
2019-07-01-count-1:TAGATCGAGCCTGTCG	Mono
2019-07-01-count-1:CATCCACCAACGTTAC	HSPC
2019-07-01-count-3:CTGGTCTTCAACGTGT	Gran
2019-07-01-count-2:CTCAGAAGTTCCTAGA	Mono
2019-07-01-count-1:TCGATTTGTCTCTCTG	Gran
2019-07-01-count-2:ATCCCTGCAAACTGCT	Mono
2019-07-01-count-2:TCAGTCCAGGACCCAA	HSPC
2019-07-01-count-1:TTGAGTGCAAATAAGC	Mono
2019-07-01-count-1:CTGGTCTAGATACAGT	Mono
2019-07-01-count-2:CTCGAGGAGTGCAGCA	HSPC
2019-07-01-count-2:GTCGAATCAACGACTT	Mono
2019-07-01-count-1:GTTGTGACACGCTATA	DC
2019-07-01-count-2:AATTCCTCATCAACCA	Mono
2019-07-01-count-1:TTGAGTGTCTTCCGTG	HSPC
2019-07-01-count-2:GTCGCGAAGATGCTAA	Mono
2019-07-01-count-2:CAGCGTGAGTCATGAA	Mono
2019-07-01-count-3:AACAACCAGCACTCCG	Mono
2019-07-01-count-2:GTAATCGTCGCGAAGA	Mono
2019-07-01-count-2:AGTCATGCACGCGCTA	Mono
2019-07-01-count-1:CACAGATTCTAGCCAA	Mono
2019-07-01-count-1:GAGAGGTTCATTGCCC	Mono
2019-07-01-count-1:GGTGTCGAGCGAAACC	Mono
2019-07-01-count-2:TCAGTTTTCAATCTTC	Mono
2019-07-01-count-3:TATGTTCCAATGTTGC	Mono
2019-07-01-count-2:AGTCATGTCTGCGATA	Mono
2019-07-01-count-1:CATGCCTGTGTATCCA	Mono
2019-07-01-count-3:GTCATGAGTCCGTTTC	Mono
2019-07-01-count-1:TGAGTCAAGCCGGAAT	Mono
2019-07-01-count-3:ATGAGGGTCCCAACTC	Mono
2019-07-01-count-2:GCTTTCGTCAGTGTTG	Mono
2019-07-01-count-2:GCTTTCGTCAAGCTGT	Mono
2019-07-01-count-3:CAACAGTTCACTTGGA	Mono
2019-07-01-count-1:GTTAGTGGTTAGCTAC	DC
2019-07-01-count-2:AGCCAATGTCCTGTCT	Mono
2019-07-01-count-1:ACTATCTGTTGTGGAG	Gran
2019-07-01-count-1:CCATCACCATTATGCG	Mono
2019-07-01-count-3:TCATTGTTCTTAGCTT	DC
2019-07-01-count-1:TTGGGATCAAGTTCGT	Mono
2019-07-01-count-3:GGGTCTGAGGTAGCCA	DC
2019-07-01-count-3:AACACACTCCATCAGA	Mono
2019-07-01-count-2:AGGGTGATCTATTCGT	Mono
2019-07-01-count-2:TCGCAGGGTCAAAGCG	Mono
2019-07-01-count-2:ACTATGGGTCGTGATT	Mono
2019-07-01-count-3:TGCGGGTTCTCGTGGG	Mono
2019-07-01-count-3:TCTGGCTGTCTGCGCA	Mono
2019-07-01-count-2:CATTGCCCACGGATCC	Mono
2019-07-01-count-3:TGTTCTAAGGAAAGGT	Mono
2019-07-01-count-3:TGTTCTATCTACCCAC	Mono
2019-07-01-count-2:CCATCACCAAGGCGTA	Mono
2019-07-01-count-2:GTTACAGTCGAGAACG	Gran
2019-07-01-count-2:ATTACTCCACGTCTCT	Mono
2019-07-01-count-2:TTGTTCAGTCATTGCA	Mono
2019-07-01-count-2:CTGAATGGTATCTCTT	Mono
2019-07-01-count-1:TCCAGAAGTTAGGCCC	HSPC
2019-07-01-count-2:CGTTGGGCACTCATAG	Ery
2019-07-01-count-1:CATGGATTCTATGTGG	Mono
2019-07-01-count-2:TGCTTCGCACTTCAAG	Mono
2019-07-01-count-2:GAGAGGTCACATGGTT	Mono
2019-07-01-count-1:GGTTGTAGTCTGCATA	Mono
2019-07-01-count-3:TACCCACCAGTGACCC	Mono
2019-07-01-count-3:AACCTGAAGCCAGTAG	HSPC
2019-07-01-count-2:GAGTTGTAGTCGAAGC	Mono
2019-07-01-count-2:CATACCCCAAGGTCGA	Mono
2019-07-01-count-2:ATGAGTCCATCTTAGG	Mono
2019-07-01-count-1:TTGCTGCTCATTCACT	DC
2019-07-01-count-1:GTAACACAGAATTCAG	HSPC
2019-07-01-count-1:ATTACCTCATGTCGTA	Mono
2019-07-01-count-3:GGAATCTTCAACCCGG	HSPC
2019-07-01-count-1:GCCAACGGTCATCCCT	Mono
2019-07-01-count-2:AGCGCTGAGCGACTAG	Mono
2019-07-01-count-2:CTAACTTCAGCAGATG	Mono
2019-07-01-count-3:CTACGGGAGAAATTCG	Mono
2019-07-01-count-2:AATCGTGAGCTGGAGT	Mono
2019-07-01-count-2:ACACGCGTCCTCTAGC	Mono
2019-07-01-count-2:ATCGGCGAGCGCACAA	DC
2019-07-01-count-1:CCCTTAGAGGTTAGTA	Mono
2019-07-01-count-3:GCTACCTAGAATTCAG	Mono
2019-07-01-count-2:CCACCATTCGTTCCCA	Mono
2019-07-01-count-1:TGGCGTGCAATACAGA	Mono
2019-07-01-count-1:ACTATGGCAATAACGA	Mono
2019-07-01-count-3:CCTGCATAGTGATCGG	HSPC
2019-07-01-count-3:TTAATCCCAAGTTCCA	Mono
2019-07-01-count-3:CTCCTTTCACATGACT	HSPC
2019-07-01-count-1:GAACACTAGGCATTTC	Gran
2019-07-01-count-3:TTTGTTGCAACCGTAT	Mono
2019-07-01-count-2:TGGAACTAGCTGTCCG	Mono
2019-07-01-count-2:CTGTATTGTTTCTATC	Mono
2019-07-01-count-3:ACAGCCGCAGCTATAC	DC
2019-07-01-count-2:CCGGTGAGTGAGAGGG	Mono
2019-07-01-count-3:AGTAGCTTCCGTGGGT	Mono
2019-07-01-count-2:TCGGGACTCGTGCGAC	HSPC
2019-07-01-count-2:CGAGTGCTCTCTGCTG	Mono
2019-07-01-count-2:GCCCAGACACCCTTGT	Mono
2019-07-01-count-2:TTTACGTAGGTAGGCT	Mono
2019-07-01-count-3:TTACAGGCAGTTCTAG	Mono
2019-07-01-count-1:CCTCAACAGGTACAAT	Mono
2019-07-01-count-2:GAAGTAAGTCACTTCC	Mono
2019-07-01-count-3:AACGGGAGTGTTCAGT	Mono
2019-07-01-count-1:CTCCTCCCAATTTCTC	HSPC
2019-07-01-count-2:TAGTGCAAGCCTGTGC	B
2019-07-01-count-1:TCTGCCACATGTCTAG	Mono
2019-07-01-count-3:CTCGAGGTCGTAATGC	Mono
2019-07-01-count-1:ATTCAGGCAGGTCCCA	Mono
2019-07-01-count-3:AATGGAAGTCAGGTGA	HSPC
2019-07-01-count-3:GTTGAACGTATAGGAT	HSPC
2019-07-01-count-1:TATTTCGGTCAGTCTA	Mono
2019-07-01-count-3:CAATGACTCAAGTGTC	DC
2019-07-01-count-2:CAATTTCTCTGTGTGA	Mono
2019-07-01-count-2:TCAAGTGAGCTTGTTG	Mono
2019-07-01-count-1:TGTGGCGTCGTCAACA	Mono
2019-07-01-count-1:ATGCCTCAGTACGAGC	HSPC
2019-07-01-count-3:TCCGATCAGCCTCATA	Mono
2019-07-01-count-3:ACTTAGGAGTCAACAA	Mono
2019-07-01-count-2:GATCAGTCAGCAATTC	Mono
2019-07-01-count-1:ACTTAGGTCAAGCCAT	DC
2019-07-01-count-2:TAACCAGTCAAACGAA	Mono
2019-07-01-count-3:GAACTGTCAGTCAGAG	B
2019-07-01-count-3:TTGTTTGGTCGATTTG	DC
2019-07-01-count-2:GATGTTGCACTCCACT	Mono
2019-07-01-count-2:ACACTGAGTTGATGTC	HSPC
2019-07-01-count-3:AACGAAACACCCGTAG	HSPC
2019-07-01-count-3:AAGTCGTGTATTTCCT	Mono
2019-07-01-count-2:AGATGAACATGCGGTC	HSPC
2019-07-01-count-3:ACATCGACATGTGACT	Mono
2019-07-01-count-2:ATGGATCGTTACCGTA	Mono
2019-07-01-count-1:CATGAGTTCAGGACGA	Mono
2019-07-01-count-2:GTGAGTTAGGTTCATC	HSPC
2019-07-01-count-1:ATTCCATCAAGATGTA	Mono
2019-07-01-count-1:CCTCATGAGTAAGACT	Mono
2019-07-01-count-3:GAAGCCCCAATGCAAA	Mono
2019-07-01-count-1:AACCATGTCAGACCCG	Mono
2019-07-01-count-3:CTAACCCGTTCGGACC	HSPC
2019-07-01-count-1:GTCACGGGTTATGTGC	Mono
2019-07-01-count-1:GGGAAGTCACTTTATC	Mono
2019-07-01-count-1:TTGTTCAAGCACCGAA	Mono
2019-07-01-count-2:GCCTGTTAGATCGACG	Gran
2019-07-01-count-2:TGGGAGAAGAGGTCGT	Mono
2019-07-01-count-3:TGCGATATCGGATACT	Mono
2019-07-01-count-1:ATTCCTAAGGTACAGC	Mono
2019-07-01-count-3:TCGCACTAGGAGAATG	Gran
2019-07-01-count-2:TTAGTCTTCCAACCGG	Mono
2019-07-01-count-2:ATGGTTGCAGCTGCCA	Mono
2019-07-01-count-1:CTGTACCGTCTACGAT	Gran
2019-07-01-count-3:GTTACGAGTACCTGTA	HSPC
2019-07-01-count-1:GTCTCACTCGCCTATC	Mono
2019-07-01-count-1:CAGATCAGTTGTACGT	Mono
2019-07-01-count-3:CGAGGAAGTTGTGGAG	HSPC
2019-07-01-count-3:CTGAGGCGTGTGAGCA	Mono
2019-07-01-count-2:CCGAACGTCGAGTCCG	Mono
2019-07-01-count-1:GGGACCTCATGACAAA	Mono
2019-07-01-count-3:CTAAGTGTCCACAAGT	Mono
2019-07-01-count-1:GGGACTCCAACGGTAG	Gran
2019-07-01-count-2:CAGATACAGACTCTTG	Mono
2019-07-01-count-2:TTTCATGAGGCGCTCT	Mono
2019-07-01-count-3:ATGTCCCCACAAAGCG	HSPC
2019-07-01-count-3:TTGTGGACAAGCAATA	Mono
2019-07-01-count-2:TGGGCGTCAATTGCAC	HSPC
2019-07-01-count-1:GTCGTTCCACATTCTT	Mono
2019-07-01-count-2:CTCACTGTCACTTGTT	Mono
2019-07-01-count-2:CATTCATGTGAAGCTG	Mono
2019-07-01-count-1:TCTTAGTCAACTGCTA	Mono
2019-07-01-count-3:GTTGTGATCATGCTAG	Gran
2019-07-01-count-2:CCGATGGCATGTTCAG	Mono
2019-07-01-count-3:GGTTCTCCAATTCTTC	Mono
2019-07-01-count-2:TTCCTTCCAACTTCTT	Gran
2019-07-01-count-1:ATTCTTGAGCTGACTT	Gran
2019-07-01-count-2:CGTTCTGCAGGTCTCG	Mono
2019-07-01-count-3:TAGGTTGGTGGTAACG	Mono
2019-07-01-count-2:ATATCCTAGGAGAGTA	HSPC
2019-07-01-count-1:TGGCGTGGTACGATGG	Gran
2019-07-01-count-1:CCGTTCACAACGCATT	HSPC
2019-07-01-count-3:AGGTTACTCGCGTCGA	DC
2019-07-01-count-1:TCACATTGTGCCGTAC	HSPC
2019-07-01-count-1:CAGCACGTCTTGGTGA	Mono
2019-07-01-count-1:AGGCCACGTTCCGCAG	HSPC
2019-07-01-count-2:AAGAACATCGAGAAAT	Mono
2019-07-01-count-1:CCTGTTGAGTAGACCG	Gran
2019-07-01-count-3:TTTGGAGAGAGTTGTA	Mono
2019-07-01-count-3:TTGAGTGTCATGCCAA	Mono
2019-07-01-count-3:GTGACGCTCCATCCGT	DC
2019-07-01-count-1:TGCGGCAGTTCGTACA	Mono
2019-07-01-count-1:TACCGAATCATTCGTT	DC
2019-07-01-count-3:TTGTTCACAGTTTGGT	Mono
2019-07-01-count-1:GCGATCGGTTGGCCTG	Mono
2019-07-01-count-1:GAATAGACATCATCCC	Mono
2019-07-01-count-1:CCACCATGTATGAGAT	Mono
2019-07-01-count-2:TTCGATTGTTTAAGGA	Mono
2019-07-01-count-3:TCGCTTGTCACTTCTA	HSPC
2019-07-01-count-2:GTAGAGGGTAAGTTGA	HSPC
2019-07-01-count-1:ACCAACATCGACCTAA	Mono
2019-07-01-count-1:TTCATGTTCGATCCCT	Mono
2019-07-01-count-3:GCAGCCAGTTACGCCG	Gran
2019-07-01-count-3:TGCTGAACACGTACTA	Gran
2019-07-01-count-1:GAGGCCTAGACAGCTG	HSPC
2019-07-01-count-3:ACCATTTGTTCTCTAT	Mono
2019-07-01-count-1:CAGCGTGCACTCCACT	HSPC
2019-07-01-count-2:GGTAACTCAGCCCAGT	Mono
2019-07-01-count-2:TTTGATCCACGCGTGT	Mono
2019-07-01-count-3:GCTACAATCAGCTGAT	Mono
2019-07-01-count-1:TTCGCTGCAAACTCTG	Mono
2019-07-01-count-3:CGAGTGCCAAGAGATT	Mono
2019-07-01-count-2:GACCTTCAGGGTCTTT	Mono
2019-07-01-count-2:CCGGTAGGTGGTGATG	Mono
2019-07-01-count-1:TACCTGCTCTAAACGC	HSPC
2019-07-01-count-2:AAGCCATCATCATTTC	Mono
2019-07-01-count-2:CTGTATTGTTCGTGCG	Mono
2019-07-01-count-2:CTGTATTTCTTCTTCC	Mono
2019-07-01-count-2:TGAATCGAGGCCACTC	Mono
2019-07-01-count-2:CTCAACCCATTGGATC	Mono
2019-07-01-count-1:AGTCAACCACCATAAC	Mono
2019-07-01-count-2:CAATGACTCCTGTAAG	Mono
2019-07-01-count-2:TCTCACGAGTCGCCAC	Mono
2019-07-01-count-3:AGGGCCTGTTGTTGCA	Mono
2019-07-01-count-2:TGTGGCGCATAATGAG	Mono
2019-07-01-count-3:CACCAAAGTACAAGCG	Mono
2019-07-01-count-1:CGAAGTTAGTCGCTAT	Mono
2019-07-01-count-1:CAGGGCTTCCTCTGCA	Mono
2019-07-01-count-3:CATGCAAGTGGTCTCG	Mono
2019-07-01-count-2:AGGGCCTGTTATCCAG	HSPC
2019-07-01-count-2:ACCGTTCGTCCTCCAT	Mono
2019-07-01-count-3:ACCCTCAGTCACTCGG	DC
2019-07-01-count-2:AGAACCTAGGTCGAGT	Mono
2019-07-01-count-1:CAACAACGTTGTAAAG	HSPC
2019-07-01-count-2:CCCTCAAAGAAAGTCT	Mono
2019-07-01-count-2:TGCGACGCAATGGCAG	B
2019-07-01-count-3:AAGGTAATCTTACCGC	Mono
2019-07-01-count-1:GACAGCCTCTTCGATT	Mono
2019-07-01-count-3:CCGGTGAAGGATCACG	Mono
2019-07-01-count-2:TCGGTCTAGAAGTCTA	Gran
2019-07-01-count-2:ACCTACCGTAGAAACT	Mono
2019-07-01-count-3:GCATCGGGTGATGTAA	Mono
2019-07-01-count-3:GACCAATAGACAACTA	Mono
2019-07-01-count-2:TCTCCGAGTACTCGAT	Mono
2019-07-01-count-1:GACATCAGTAAGGAGA	Mono
2019-07-01-count-2:GGGTATTCAAACGTGG	Mono
2019-07-01-count-3:AGACACTTCGATACAC	Gran
2019-07-01-count-3:TTCATTGGTCAGATTC	Mono
2019-07-01-count-2:GTGAGGAGTACGGATG	HSPC
2019-07-01-count-3:TCTATACAGCCTTCTC	Mono
2019-07-01-count-3:GCCATGGCAGGCATTT	HSPC
2019-07-01-count-2:CCGTTCATCCTTGACC	Mono
2019-07-01-count-2:TGCGGCAAGCAATTAG	Mono
2019-07-01-count-1:ATCGTAGTCGGTCTGG	Mono
2019-07-01-count-1:GTTACCCAGTGTTCAC	Mono
2019-07-01-count-1:AGGTCATGTACGATTC	Mono
2019-07-01-count-3:CACAACAGTCCAACGC	B
2019-07-01-count-2:GGGTCACAGCCACAAG	Mono
2019-07-01-count-3:AGACCATCACAAATGA	Mono
2019-07-01-count-2:TGCGGCAAGTCGAAGC	Gran
2019-07-01-count-1:AGACAGGTCATTCATC	Gran
2019-07-01-count-2:CGGCAGTGTTCGAGCC	Mono
2019-07-01-count-2:CAACCTCTCGCTAATG	Mono
2019-07-01-count-1:TCAGGGCGTACGCTAT	Mono
2019-07-01-count-1:TACTGCCGTCGATTTG	HSPC
2019-07-01-count-1:ACTTCCGTCGTCGCTT	Mono
2019-07-01-count-3:ACGTTCCTCGACGATT	Mono
2019-07-01-count-3:CTCCACACAGGACTTT	Mono
2019-07-01-count-3:TCTCTGGCAGCAAGAC	Mono
2019-07-01-count-3:GTCATCCGTATGGGAC	Mono
2019-07-01-count-1:CTCATTAGTACAGAGC	Mono
2019-07-01-count-1:CATAAGCGTGATTAGA	Mono
2019-07-01-count-1:GAGAGGTCAGCACACC	Mono
2019-07-01-count-3:CACGTTCGTTAGCGGA	HSPC
2019-07-01-count-2:TATCTGTCAACCAGAG	Mono
2019-07-01-count-2:ATCCGTCCACCGAATT	Mono
2019-07-01-count-2:CATTCTATCGTGGAAG	Mono
2019-07-01-count-1:AGACCCGAGAGTGACC	Mono
2019-07-01-count-1:ATCTCTAGTAGGAGGG	DC
2019-07-01-count-1:CGAGTTAGTCGCAACC	Mono
2019-07-01-count-1:CGAGTTACAGCCGTTG	Mono
2019-07-01-count-3:GATGATCCACGAGAAC	Mono
2019-07-01-count-1:GTCATCCTCAGTCATG	Mono
2019-07-01-count-3:GTGGAAGTCTCTCGCA	Mono
2019-07-01-count-1:GATGTTGGTCTTTATC	Mono
2019-07-01-count-1:TCGCTCACATGTGGTT	Mono
2019-07-01-count-2:GGTGTCGCACCTGTCT	DC
2019-07-01-count-2:ACAACCACATCAGCGC	Mono
2019-07-01-count-3:AGGGTTTCAGAACTTC	Gran
2019-07-01-count-3:ACGTCCTAGAATCCCT	Mono
2019-07-01-count-3:TTCCTAAGTCCATAGT	Mono
2019-07-01-count-2:CCTCAACAGCTTGTGT	HSPC
2019-07-01-count-1:TACTTGTAGAGCATAT	Mono
2019-07-01-count-1:TGATCAGAGAGTTGCG	HSPC
2019-07-01-count-2:ACGGAAGAGTTAGTAG	Gran
2019-07-01-count-3:CTGTGAACAAGTCCAT	Mono
2019-07-01-count-1:CCACAAAGTTCAAACC	Mono
2019-07-01-count-3:AATCGACGTCCATACA	HSPC
2019-07-01-count-1:TACTTGTTCGATAACC	Gran
2019-07-01-count-3:CGGAACCTCCCAGTGG	Mono
2019-07-01-count-1:CGATGCGCACAGAAGC	Mono
2019-07-01-count-1:TATCCTAGTGCCGGTT	Mono
2019-07-01-count-1:GATTCGATCTCCTGCA	Mono
2019-07-01-count-2:TTGAGTGAGCTACAAA	Mono
2019-07-01-count-1:TCGGATACAATCGCCG	Gran
2019-07-01-count-3:CCTATCGAGCTGACAG	Mono
2019-07-01-count-1:ACGCACGGTACAGCGA	Mono
2019-07-01-count-3:TCTACATTCTGAGCAT	HSPC
2019-07-01-count-2:TGTTTGTCACACGGAA	HSPC
2019-07-01-count-2:GAGAGGTCAAGACTGG	Gran
2019-07-01-count-3:TACATTCGTAGGTAGC	Mono
2019-07-01-count-2:GTCAGCGTCACGGGCT	Mono
2019-07-01-count-1:TAGACTGCACTACGGC	Gran
2019-07-01-count-3:AAAGTCCCAAGCCTGC	Mono
2019-07-01-count-1:GGGTTTACAACCCTAA	HSPC
2019-07-01-count-1:GGGTTTAAGCATGATA	Mono
2019-07-01-count-3:AATCGTGTCAACGCTA	HSPC
2019-07-01-count-2:GTTAGACCAGTTGTCA	Mono
2019-07-01-count-2:CTCCACAGTCGCGTCA	Mono
2019-07-01-count-2:CCTCATGGTGCATCTA	Mono
2019-07-01-count-2:ATCGGATGTGTGCTTA	Mono
2019-07-01-count-3:TCATGGAAGTACAGCG	Mono
2019-07-01-count-1:CTAACCCCAGAGGCTA	DC
2019-07-01-count-2:TTCGCTGCATCGTTCC	Mono
2019-07-01-count-3:ATCGGCGCAGGGATAC	Mono
2019-07-01-count-2:ATCGGATTCTATGCCC	Gran
2019-07-01-count-2:TCCTTCTTCTATTGTC	Mono
2019-07-01-count-2:ATGCATGAGGAGTACC	HSPC
2019-07-01-count-2:CTCTGGTGTGGATGAC	Mono
2019-07-01-count-3:AGCTACACAGGGAGAG	Mono
2019-07-01-count-3:GAAACCTTCGCATGAT	Mono
2019-07-01-count-1:GTCCTCATCGTCTACC	Mono
2019-07-01-count-1:CTCAATTTCTCGGCTT	DC
2019-07-01-count-2:CAGCAGCAGCCTATCA	HSPC
2019-07-01-count-3:GACTCTCAGTCTGGTT	Mono
2019-07-01-count-3:TCAAGCATCAGACCCG	Mono
2019-07-01-count-3:TCGGGACCATTGAGGG	Mono
2019-07-01-count-3:TGCATCCGTCCTCCAT	HSPC
2019-07-01-count-1:AACAAGATCAGCCCAG	Mono
2019-07-01-count-1:GTAGTACGTTGGCCTG	Mono
2019-07-01-count-3:TTCTAACGTAAGTTGA	Mono
2019-07-01-count-3:CATTTCACATTGCAAC	Mono
2019-07-01-count-1:GCAACATTCGAAACAA	Mono
2019-07-01-count-2:CGTCAAAAGGCTAGCA	Mono
2019-07-01-count-3:GTCAAACGTCAAAGAT	Mono
2019-07-01-count-2:TTGCTGCGTCACCTTC	HSPC
2019-07-01-count-1:CTCACTGTCTGGTCAA	Gran
2019-07-01-count-1:GCAACCGAGAGGTTAT	Gran
2019-07-01-count-3:CTTCCGAGTACGTACT	HSPC
2019-07-01-count-2:AAAGGGCTCAGAGTTC	Ery
2019-07-01-count-3:CGGGACTAGCCTCTTC	Mono
2019-07-01-count-2:AAAGGGCTCTGAGTCA	Mono
2019-07-01-count-2:CCAATTTTCTTCCTAA	Gran
2019-07-01-count-2:GTAGGAGCAAGGTTGG	Mono
2019-07-01-count-3:GTGTTAGGTTGCGAAG	HSPC
2019-07-01-count-1:CAATTTCTCCGGGACT	Mono
2019-07-01-count-2:TGGATCACAGGTGACA	Mono
2019-07-01-count-2:CTTTCAACACTCGATA	Mono
2019-07-01-count-3:ACCCTTGCAGAGAAAG	Mono
2019-07-01-count-2:CTTTCAATCAGTCTTT	HSPC
2019-07-01-count-3:AGGGTCCGTTTCGACA	DC
2019-07-01-count-3:CGGGCATCAGAGAGGG	Mono
2019-07-01-count-3:TACCTCGAGATAGGGA	Mono
2019-07-01-count-2:TTGGATGGTTTGTTCT	Mono
2019-07-01-count-3:AATGGCTCATGGGCAA	Mono
2019-07-01-count-1:CCGCAAGTCTAGCCAA	Gran
2019-07-01-count-3:CTCATTAGTTCTTAGG	DC
2019-07-01-count-3:TAAGCCAGTCGATGCC	Mono
2019-07-01-count-2:CTGATCCGTACGGTTT	HSPC
2019-07-01-count-2:ATTCCTAAGGTTCTAC	Mono
2019-07-01-count-3:AGTCACATCATCGACA	Mono
2019-07-01-count-1:TGCAGTACACCGTGAC	Mono
2019-07-01-count-3:AGTCATGCAACAGCCC	Mono
2019-07-01-count-3:AACAGGGAGTAACCGG	Mono
2019-07-01-count-3:CAGCACGTCTCGACCT	Gran
2019-07-01-count-1:TCGATTTAGGTGAGAA	Mono
2019-07-01-count-3:AGTCATGAGCGGTAGT	Mono
2019-07-01-count-1:AGATGCTTCGTGCAGC	Ery
2019-07-01-count-2:GGAGGTAGTGGGAGAG	Mono
2019-07-01-count-3:CAGCAGCCATTCTCCG	Mono
2019-07-01-count-1:AAAGAACGTGACTCTA	Mono
2019-07-01-count-1:TACACCCAGCCATTTG	Mono
2019-07-01-count-3:CAACGATAGTCTTCGA	DC
2019-07-01-count-3:AGTCATGGTATGGAGC	Mono
2019-07-01-count-1:CCGGTAGTCGAGGCAA	Mono
2019-07-01-count-2:TAAGCACAGCTAGAGC	Mono
2019-07-01-count-3:ACATGCATCGTAACCA	Mono
2019-07-01-count-3:GTAGAGGTCTTCGACC	HSPC
2019-07-01-count-1:CTCTCGAGTGAATAAC	Mono
2019-07-01-count-1:TCCGTGTGTAGGCTCC	HSPC
2019-07-01-count-1:CACAGATGTTTACCTT	Gran
2019-07-01-count-3:TCTCTGGCACTATCCC	Mono
2019-07-01-count-3:AACCAACGTTCCATTT	Mono
2019-07-01-count-1:AGACCATTCTCTCCGA	Mono
2019-07-01-count-1:TATACCTAGTAACGTA	Mono
2019-07-01-count-2:CTCTCAGTCGTTAGTG	Mono
2019-07-01-count-1:GCAGTTATCCGCGATG	Mono
2019-07-01-count-3:GTCATGAGTCGTCAGC	Mono
2019-07-01-count-2:AACGTCATCCTAGCCT	Mono
2019-07-01-count-3:GGGTGTCCACACAGCC	HSPC
2019-07-01-count-2:ACAAAGAAGTCCGTCG	Mono
2019-07-01-count-1:GTCATCCTCGACATCA	Mono
2019-07-01-count-1:GTTTGGATCCCAAGTA	Mono
2019-07-01-count-1:TCTACCGCAGCGTTTA	Mono
2019-07-01-count-3:ACTATCTGTACACGCC	DC
2019-07-01-count-2:AACAAAGTCGTTCTAT	Mono
2019-07-01-count-3:CCACGAGTCTCCCTAG	Mono
2019-07-01-count-3:AATGGCTGTTATGTCG	Mono
2019-07-01-count-3:CCGAACGTCCTTCTAA	T
2019-07-01-count-3:ACTATGGAGATGGTAT	Mono
2019-07-01-count-2:AACAACCCATGATCTG	Mono
2019-07-01-count-3:GCACGTGAGTAAGGGA	Mono
2019-07-01-count-2:AGCCACGGTAGGACCA	Mono
2019-07-01-count-3:CAGGGCTCACAGAAGC	Ery
2019-07-01-count-1:ATTCTACTCCCAAGTA	Mono
2019-07-01-count-3:CAAGAGGGTACTTCCC	Mono
2019-07-01-count-3:CCTGCATTCAAGCCCG	Mono
2019-07-01-count-3:TGTTCTAGTTCCCACT	Mono
2019-07-01-count-1:GTGGTTAGTCGCATTA	Mono
2019-07-01-count-2:CAGATTGAGAGGCGGA	Mono
2019-07-01-count-1:TAACCAGAGAGTCACG	Mono
2019-07-01-count-2:TTTCCTCGTGCCGTTG	Mono
2019-07-01-count-2:AACAAGATCATCACCC	Mono
2019-07-01-count-2:CAAGCTAGTGCATTTG	Mono
2019-07-01-count-1:AAAGTGAGTCGTCGGT	Mono
2019-07-01-count-3:GTTCATTAGGAGAGTA	Mono
2019-07-01-count-1:TTGCGTCTCCGGTAAT	Gran
2019-07-01-count-3:AACCCAAGTTGGTACT	HSPC
2019-07-01-count-2:TTGTTGTAGCCTGAGA	Mono
2019-07-01-count-3:TCCTCTTGTAAGTTGA	T
2019-07-01-count-2:TCGCTTGCAAATCCCA	Gran
2019-07-01-count-1:TCTCACGAGTCTAACC	DC
2019-07-01-count-1:ACTCCCAAGCGACATG	Mono
2019-07-01-count-2:GAGTTGTCAATGTCAC	HSPC
2019-07-01-count-1:CGGGTCACACGCAGTC	Mono
2019-07-01-count-3:CGTGAATTCATACAGC	HSPC
2019-07-01-count-1:CACGTGGGTTAAGCAA	Mono
2019-07-01-count-3:GAGCCTGTCCCAGGCA	HSPC
2019-07-01-count-1:ATTACCTGTATCGGTT	Mono
2019-07-01-count-2:TAGGGTTAGATGTTGA	Mono
2019-07-01-count-3:GCAGCCAGTCTTTCTA	Gran
2019-07-01-count-3:GTGAGCCAGCTTGTTG	Mono
2019-07-01-count-3:GTCCTCAAGGTGCATG	Mono
2019-07-01-count-3:TGCTGAAGTATACGGG	Mono
2019-07-01-count-1:GCCAACGTCATAGCAC	Mono
2019-07-01-count-3:TTCGCTGTCCTTCACG	HSPC
2019-07-01-count-1:GGAAGTGCAGCCTTCT	Mono
2019-07-01-count-3:GCCATTCAGCCTTCTC	HSPC
2019-07-01-count-1:CTAACTTTCGCTACGG	Mono
2019-07-01-count-3:ACCCAAAAGAAACTAC	Mono
2019-07-01-count-1:ATAGACCGTGCCTATA	Mono
2019-07-01-count-1:AGCTCAACATATGGCT	Mono
2019-07-01-count-2:CTAAGTGAGCAGCAGT	DC
2019-07-01-count-1:AGCTCAAAGGAGACCT	Gran
2019-07-01-count-3:CCTTTGGTCCGATAAC	Mono
2019-07-01-count-2:CAAAGAAAGCGAGAAA	Mono
2019-07-01-count-3:CAGATCACACTGTGAT	Mono
2019-07-01-count-2:CACGTGGTCGCATTAG	Mono
2019-07-01-count-3:TACCGAAGTCACCCTT	HSPC
2019-07-01-count-3:TCTTTGAAGTGCCAGA	B
2019-07-01-count-3:TTGCCTGTCAATCGGT	Mono
2019-07-01-count-1:GAACACTTCGGAGTGA	Mono
2019-07-01-count-1:ACACGCGAGTGTTCCA	Mono
2019-07-01-count-3:GGAGAACAGCCAAGCA	Mono
2019-07-01-count-3:CAATCGATCATTCTTG	Gran
2019-07-01-count-2:AGTTAGCTCTACGCAA	Mono
2019-07-01-count-3:TCGAACAGTAACAGTA	DC
2019-07-01-count-3:TAGACTGGTTAAACCC	Mono
2019-07-01-count-3:TCTTTGATCGGTCATA	Mono
2019-07-01-count-1:ATTCACTGTCATGACT	Mono
2019-07-01-count-2:TTTACGTGTCGAACGA	DC
2019-07-01-count-3:AACGGGATCACAATGC	Mono
2019-07-01-count-1:ATATCCTCAGCAAGAC	Gran
2019-07-01-count-1:TCCCAGTTCAGCAGAG	Mono
2019-07-01-count-1:CTGCTCAAGTGCAGCA	Mono
2019-07-01-count-3:GAGGGATAGACGAAGA	HSPC
2019-07-01-count-1:CACTGTCAGTTCCGTA	DC
2019-07-01-count-2:CACAACAAGAGCACTG	Mono
2019-07-01-count-2:AAGGAATTCATACAGC	Mono
2019-07-01-count-2:GCAGTTAGTGTTGCCG	Mono
2019-07-01-count-2:ATACCGAAGGAACTAT	T
2019-07-01-count-2:ATACCGACAATCGAAA	Mono
2019-07-01-count-2:AACCTGATCTGCACCT	Mono
2019-07-01-count-1:GTAATGCAGTAAAGCT	Mono
2019-07-01-count-3:CATACTTCACTTGAAC	Gran
2019-07-01-count-1:TCCGAAAAGGAAGTGA	Gran
2019-07-01-count-3:GCATCGGTCAAAGACA	HSPC
2019-07-01-count-3:TAGCACAAGGGAGGCA	HSPC
2019-07-01-count-3:AGCATCAGTGCCTTCT	Mono
2019-07-01-count-1:CGTCAAATCGCAATTG	Mono
2019-07-01-count-2:TTCCACGGTGCAAGAC	Mono
2019-07-01-count-2:CACACAACAATATCCG	HSPC
2019-07-01-count-2:TTCCGGTAGCTCGACC	Mono
2019-07-01-count-3:TTACGTTCAAGTATCC	HSPC
2019-07-01-count-1:TGGAACTAGCACTCCG	Mono
2019-07-01-count-3:ATGGGAGTCTTAGGAC	Mono
2019-07-01-count-3:GTCGTTCTCGCAATGT	B
2019-07-01-count-1:GTGCTTCGTCTGATAC	HSPC
2019-07-01-count-2:GAATCACTCTTACCGC	Mono
2019-07-01-count-2:CGATGCGTCTAGTGAC	Mono
2019-07-01-count-1:TTAGTCTGTTCCGCTT	Mono
2019-07-01-count-1:AGGTCATGTTCCACGG	Gran
2019-07-01-count-1:TCGCACTAGACTTAAG	HSPC
2019-07-01-count-3:CATAGACGTTAGGAGC	HSPC
2019-07-01-count-2:ACTGTGAGTAACGGTG	HSPC
2019-07-01-count-2:AGGACGACAGCGAGTA	Mono
2019-07-01-count-1:CTCATTAAGCTACGTT	Mono
2019-07-01-count-3:CAACGATTCTGAACGT	DC
2019-07-01-count-1:GTTGTGAGTTTATGCG	DC
2019-07-01-count-1:AGCCAATGTAGTTCCA	Mono
2019-07-01-count-3:AGGACTTAGGGACACT	HSPC
2019-07-01-count-1:TACAGGTGTTAGGACG	Gran
2019-07-01-count-2:TGTCAGACAGTCGGTC	Mono
2019-07-01-count-2:AGCATCAAGAAACCCG	Mono
2019-07-01-count-2:GTGCACGCAAACCACT	Mono
2019-07-01-count-3:TGACCCTCACTGATTG	DC
2019-07-01-count-3:GTTGTCCAGCTTCGTA	Mono
2019-07-01-count-3:ATCCTATCACTGCGAC	DC
2019-07-01-count-1:TGGATCACACTTCTCG	Mono
2019-07-01-count-3:CTGAGGCTCCAAGAGG	Mono
2019-07-01-count-1:ACATCGAAGTGCGACA	Mono
2019-07-01-count-1:TCTTTGACAAGTGGGT	Mono
2019-07-01-count-3:ACCAAACAGCCTGACC	Mono
2019-07-01-count-3:GAAGGACAGCGTTCAT	DC
2019-07-01-count-2:CCGATCTAGTTATGGA	Gran
2019-07-01-count-3:TTCTTGAGTTATCTTC	Mono
2019-07-01-count-1:AGTTCCCCATGTTCAG	Mono
2019-07-01-count-2:GTCGTTCGTCGGCACT	Mono
2019-07-01-count-1:TCCTCGAAGGTCTGGA	HSPC
2019-07-01-count-1:AGGCATTCAGAGTGTG	Mono
2019-07-01-count-2:CACCAAACATAGGCGA	Mono
2019-07-01-count-3:CATCCCATCCCGGTAG	HSPC
2019-07-01-count-1:TCCTCCCTCCAGCCTT	Mono
2019-07-01-count-3:GTTGTGATCCTTTGAT	Mono
2019-07-01-count-2:GGAACCCTCTCGCTTG	Mono
2019-07-01-count-1:GCCTGTTTCTGGCCAG	HSPC
2019-07-01-count-2:ACTTCCGAGTCTGTAC	Mono
2019-07-01-count-2:CACCAAAGTTCCCAAA	Mono
2019-07-01-count-1:ACTATTCAGGCTAACG	Mono
2019-07-01-count-3:GCCAGGTCAGCGTAGA	Mono
2019-07-01-count-3:TGGGATTAGCCTATTG	Mono
2019-07-01-count-2:TGCAGGCGTCAATCTG	Mono
2019-07-01-count-1:TGGCGTGGTGAGTAAT	Mono
2019-07-01-count-3:CTACCCAAGAAACCAT	HSPC
2019-07-01-count-3:GGCTGTGAGAATTTGG	Mono
2019-07-01-count-3:GAAGTAACAGTGTATC	Mono
2019-07-01-count-3:TTAGTCTTCCGAGATT	HSPC
2019-07-01-count-2:TTTCGATAGCTCTTCC	HSPC
2019-07-01-count-1:AACGTCAAGTTCTCTT	DC
2019-07-01-count-1:TTCAGGAGTTAGTTCG	HSPC
2019-07-01-count-1:TTCATGTCAAGCGCAA	DC
2019-07-01-count-2:TTTCGATCACTGAGTT	Gran
2019-07-01-count-3:CTGCCATGTGTCCAAT	Mono
2019-07-01-count-2:CTTCGGTGTATGGGAC	Mono
2019-07-01-count-1:TCACGCTGTCGCTTGG	Mono
2019-07-01-count-1:CGTTGGGTCCTCAGAA	Mono
2019-07-01-count-2:TCTACCGTCACCACAA	Mono
2019-07-01-count-2:GTGGAAGGTGACGCCT	Mono
2019-07-01-count-2:GATGGAGTCACTTCTA	Mono
2019-07-01-count-2:ATCGGATTCGTTCTGC	Mono
2019-07-01-count-1:TGGGAGAGTATCGCTA	Mono
2019-07-01-count-1:TGGGAGACATGCCGGT	HSPC
2019-07-01-count-1:GATCATGTCTGGCCAG	Mono
2019-07-01-count-1:CTTACCGAGTCCGTCG	Mono
2019-07-01-count-1:TCTCAGCTCCGAGAAG	Mono
2019-07-01-count-1:CGCATAATCCATCCGT	HSPC
2019-07-01-count-2:ACTCTCGTCACCTGGG	HSPC
2019-07-01-count-3:ACTCTCGTCCATAGAC	HSPC
2019-07-01-count-2:AGGCTGCGTCTTTCTA	Gran
2019-07-01-count-1:AAGAACAGTAGGGAGG	HSPC
2019-07-01-count-2:TATTTCGAGATTTGCC	HSPC
2019-07-01-count-3:TGAGGAGGTCGCACAC	Mono
2019-07-01-count-2:CGGAACCGTTGGACCC	Mono
2019-07-01-count-1:TGGGCGTCATATAGCC	HSPC
2019-07-01-count-3:AACAAAGCACAGTCGC	Mono
2019-07-01-count-1:ATGCATGAGCTGGCCT	Mono
2019-07-01-count-1:AGCTCAAGTCGAGTGA	Gran
2019-07-01-count-1:TTTCAGTAGCGGCTCT	Mono
2019-07-01-count-2:TGCATGATCCACTGAA	T
2019-07-01-count-3:GTAAGTCTCCATCACC	Mono
2019-07-01-count-1:CAGGGCTCATCCGAAT	Mono
2019-07-01-count-3:ATTCAGGTCGACGCGT	HSPC
2019-07-01-count-3:GTGAGTTCATTGTGCA	HSPC
2019-07-01-count-3:TGGTACACACCCTCTA	HSPC
2019-07-01-count-3:GTGAGTTTCCCGTGAG	Mono
2019-07-01-count-2:TGCCGAGCAGTTGTCA	HSPC
2019-07-01-count-3:TATCCTAAGGGTGAAA	Mono
2019-07-01-count-3:AGATGAAGTACCGTGC	Mono
2019-07-01-count-2:AGGGAGTTCTTCGTAT	Gran
2019-07-01-count-3:TTCACGCTCTTCGACC	Mono
2019-07-01-count-1:TGAGACTAGACGTCGA	Mono
2019-07-01-count-2:AAAGGTAGTCGCACGT	Mono
2019-07-01-count-1:TCAGCAACAAGAGGCT	Mono
2019-07-01-count-3:CATGCCTGTCTTGAAC	Mono
2019-07-01-count-2:ATCATTCTCTAGTGTG	Mono
2019-07-01-count-3:TTGCTGCTCAGCCCAG	Mono
2019-07-01-count-2:TCAAGCAGTGCTCTTC	Mono
2019-07-01-count-1:CAGTGCGTCTGGACCG	Mono
2019-07-01-count-1:CAGTGCGTCAAACGAA	Mono
2019-07-01-count-3:CATGCGGAGAGCCGTA	Mono
2019-07-01-count-3:TTTATGCAGCCAACCC	Mono
2019-07-01-count-1:CTGGACGGTACCTATG	Mono
2019-07-01-count-1:GGGCTCAAGGAACTCG	DC
2019-07-01-count-1:AGGTAGGCACTCGATA	Gran
2019-07-01-count-2:TTCTCTCGTGAACGGT	Mono
2019-07-01-count-3:GTACAGTAGCTCATAC	Mono
2019-07-01-count-1:GATGAGGCACATATCG	Mono
2019-07-01-count-2:AGAAGTAGTCTTACAG	Mono
2019-07-01-count-2:TCTCTGGAGCTACGTT	Gran
2019-07-01-count-3:TCGTAGAAGTTGCCCG	Mono
2019-07-01-count-2:GTAGTACAGGTATTGA	Mono
2019-07-01-count-3:ACCGTTCGTCTTTATC	Mono
2019-07-01-count-1:TTCCGTGTCTACCACC	Mono
2019-07-01-count-2:TGTTCATCACCGCTGA	Mono
2019-07-01-count-3:CGCATGGGTCTAACGT	Mono
2019-07-01-count-2:AGGGTTTCATTGAGCT	Mono
2019-07-01-count-1:CCCAACTCACCTGAAT	DC
2019-07-01-count-1:ACGTTCCCACTTGGCG	Mono
2019-07-01-count-2:TTGGGCGGTCCTTTGC	Mono
2019-07-01-count-3:GTGCTGGGTGGGTCAA	HSPC
2019-07-01-count-1:TCAGGTACATCTTAGG	Mono
2019-07-01-count-2:CCTAAGATCAGACCTA	Mono
2019-07-01-count-1:TCAAGTGCACGCCACA	HSPC
2019-07-01-count-2:ATGGGTTCATAAGCGG	Mono
2019-07-01-count-2:TAAGCACCAAGCAGGT	Mono
2019-07-01-count-1:ACTTCCGTCAGCTTCC	Mono
2019-07-01-count-3:CTGTAGACAACCCGCA	Mono
2019-07-01-count-3:TGTAACGCATGAGGGT	HSPC
2019-07-01-count-2:TCTGTCGAGATCGACG	Mono
2019-07-01-count-1:GATGGAGTCTGGAGAG	DC
2019-07-01-count-1:CTAGGTAGTGTCCTAA	Mono
2019-07-01-count-3:GATGAGGCAGTAGATA	HSPC
2019-07-01-count-2:TCTGTCGCATCGGCCA	Mono
2019-07-01-count-3:TCGTGCTCAAGACGAC	HSPC
2019-07-01-count-3:GCACATAGTGGGAGAG	Mono
2019-07-01-count-2:GCTTTCGTCTCTTGCG	Mono
2019-07-01-count-2:TCCTCCCGTCTTTCTA	Mono
2019-07-01-count-3:AGACTCAGTTACCGTA	Mono
2019-07-01-count-3:TCGTGGGCACTAGTAC	Mono
2019-07-01-count-3:AGACTCAGTGCAACAG	HSPC
2019-07-01-count-1:CTGTAGACAGCGACCT	DC
2019-07-01-count-2:ACCAAACCAAGATCCT	HSPC
2019-07-01-count-2:CTCTGGTCATGACAAA	Mono
2019-07-01-count-3:TTCCTAACATGATCTG	Mono
2019-07-01-count-2:ACGCACGCAAGGACAC	Mono
2019-07-01-count-2:GGAACCCTCCATGATG	Mono
2019-07-01-count-3:CTCAAGACAAGTGGCA	Mono
2019-07-01-count-3:TTTCGATTCCACGAAT	DC
2019-07-01-count-3:GATGATCTCTGTCAGA	Gran
2019-07-01-count-3:ACTATGGCAAGACTGG	HSPC
2019-07-01-count-2:TTGTGTTAGCAGCCTC	HSPC
2019-07-01-count-1:CTGTATTTCGTCAGAT	Mono
2019-07-01-count-2:AAACGAAAGAATTCAG	Mono
2019-07-01-count-3:AGGTTACGTACTCCCT	Mono
2019-07-01-count-2:CGCATGGGTCGCGTTG	HSPC
2019-07-01-count-3:TGATTTCCACTGAGTT	Mono
2019-07-01-count-1:CATACTTCACTTACAG	Mono
2019-07-01-count-3:CATCCGTCATACACCA	Gran
2019-07-01-count-2:CCTCACAGTCACTCGG	T
2019-07-01-count-3:TGTAGACAGGTCCCTG	Mono
2019-07-01-count-1:ACGCACGGTGATAGTA	Mono
2019-07-01-count-2:TGTTTGTGTTACTCAG	Mono
2019-07-01-count-3:TTCCTCTTCTGAACGT	Mono
2019-07-01-count-3:CATTGAGAGTTTCGAC	Mono
2019-07-01-count-3:CTCAATTGTTATCTGG	Mono
2019-07-01-count-2:AATCACGCATGGCCCA	HSPC
2019-07-01-count-1:AGAGAGCCATTACGGT	Mono
2019-07-01-count-1:TCATCATAGATTCGAA	Mono
2019-07-01-count-2:CCTCATGCAGCTACCG	Mono
2019-07-01-count-2:TCCTGCACAATGGCAG	Mono
2019-07-01-count-1:CTCAACCGTGTAGCAG	HSPC
2019-07-01-count-1:ATACCTTTCTCTTAAC	Mono
2019-07-01-count-3:AAAGTGATCGTTGCCT	Mono
2019-07-01-count-3:ACGGAAGCATTCAGCA	DC
2019-07-01-count-1:CATCAAGAGAACAAGG	Mono
2019-07-01-count-1:CGCAGGTGTTGCCGAC	Mono
2019-07-01-count-2:TGCTTGCAGGGCAACT	Mono
2019-07-01-count-1:TAACGACTCCCTGTTG	HSPC
2019-07-01-count-3:GATGTTGGTGGTCTTA	DC
2019-07-01-count-1:AATCACGAGGAGACCT	Mono
2019-07-01-count-2:AATCGTGAGACGCCCT	T
2019-07-01-count-3:ACGGGTCGTAGTCGGA	HSPC
2019-07-01-count-3:GACTCAAGTATACCCA	Mono
2019-07-01-count-2:TTGTTTGCAACGAGGT	Mono
2019-07-01-count-2:TTTGATCAGAGCATTA	HSPC
2019-07-01-count-3:TCATGGACAGTTCACA	Mono
2019-07-01-count-3:TCCTTCTCAGAGTGTG	Mono
2019-07-01-count-2:AGTAACCCACTAGAGG	Mono
2019-07-01-count-3:GATGTTGTCAGCTGAT	Mono
2019-07-01-count-1:GCAACATAGTTCGCAT	Mono
2019-07-01-count-2:AGTAACCGTGCGTGCT	DC
2019-07-01-count-3:CTTCAATAGTTAGTAG	HSPC
2019-07-01-count-2:GCGTGCATCGCGAAGA	Mono
2019-07-01-count-1:AATCGACAGAATTTGG	Gran
2019-07-01-count-3:GATTCGACAGAGCTAG	Mono
2019-07-01-count-2:GAGCTGCAGGGCATGT	Mono
2019-07-01-count-2:TGAATCGCAAGGTCAG	Mono
2019-07-01-count-3:CTTCAATTCTGTGTGA	Mono
2019-07-01-count-3:CCTCACATCATGGTAC	Mono
2019-07-01-count-1:CATCCGTAGCTCGACC	HSPC
2019-07-01-count-1:CATTCTAGTAAGGTCG	Mono
2019-07-01-count-3:CAACAACAGGCTAAAT	Mono
2019-07-01-count-3:CCTCAGTAGATCCGAG	Mono
2019-07-01-count-2:CTACAGACAGTCAGAG	Mono
2019-07-01-count-1:TTCTGTATCTATACGG	Mono
2019-07-01-count-2:GCCCAGACAAGCACCC	HSPC
2019-07-01-count-1:GTTGCGGTCTCCCATG	Mono
2019-07-01-count-1:CCGATGGTCATTGCTT	DC
2019-07-01-count-3:ATCGTCCGTACCCACG	Mono
2019-07-01-count-2:TGGTTAGGTGTCTTCC	HSPC
2019-07-01-count-3:TGCATGAGTTGAGAGC	Mono
2019-07-01-count-1:GTCGCGAGTTGCGTAT	Mono
2019-07-01-count-1:CATCGGGAGTAAGCAT	Mono
2019-07-01-count-3:ATTCCCGAGGGTTAGC	Mono
2019-07-01-count-3:TCCGAAATCCTAAACG	Mono
2019-07-01-count-1:AGTCATGTCCTACCGT	Mono
2019-07-01-count-3:CTCATGCTCATGGTAC	HSPC
2019-07-01-count-2:GAGGCCTTCCTTATCA	HSPC
2019-07-01-count-3:TGTGCGGGTCTAGATC	Mono
2019-07-01-count-1:ATGCCTCCAAACCATC	HSPC
2019-07-01-count-3:TGTGCGGGTGACTATC	Mono
2019-07-01-count-1:CCGCAAGTCCCATTCG	B
2019-07-01-count-1:AATGACCGTGCATTTG	Gran
2019-07-01-count-1:CTCAGTCCAGAGGACT	Mono
2019-07-01-count-3:CAACCAAGTCTTCAAG	Mono
2019-07-01-count-1:TGTGTGATCTTTCTAG	Mono
2019-07-01-count-3:GATTTCTGTCAGACTT	HSPC
2019-07-01-count-1:AAACGCTAGATGAACT	Mono
2019-07-01-count-1:TGCAGTAGTCGTTGGC	Mono
2019-07-01-count-3:TCTCCGAGTAGCGCCT	Mono
2019-07-01-count-2:AGTCAACGTGCCTGCA	Mono
2019-07-01-count-3:ACGTCCTTCCGTGTCT	Mono
2019-07-01-count-3:CTCCAACCATCAGTCA	Gran
2019-07-01-count-3:ACGTCCTGTCGGTAAG	HSPC
2019-07-01-count-1:TAGTGCACAAATGAAC	Mono
2019-07-01-count-3:TCGACGGAGGGCGAGA	Mono
2019-07-01-count-2:TAACGACTCTCCAATT	Mono
2019-07-01-count-2:AAATGGACAGGTCAGA	Mono
2019-07-01-count-1:GCAGCTGAGTCACACT	Gran
2019-07-01-count-2:GGTGAAGGTCGCTTGG	Mono
2019-07-01-count-1:ATGGAGGGTCAGGAGT	Mono
2019-07-01-count-1:CTTCTAAAGCCATTCA	HSPC
2019-07-01-count-1:TCAGTCCAGCCTTGAT	DC
2019-07-01-count-2:ACGTTCCTCGCTAAAC	Mono
2019-07-01-count-2:ACGTTCCTCGTAGCTA	Mono
2019-07-01-count-2:CCTTGTGAGGTGAGCT	Mono
2019-07-01-count-2:GTTGAACCAGAAATTG	HSPC
2019-07-01-count-3:GAGACTTGTATGGTAA	Mono
2019-07-01-count-1:GGTGTCGAGCTCATAC	Mono
2019-07-01-count-2:TTAGTCTGTCAACCTA	Mono
2019-07-01-count-3:ATAGGCTAGACTTGTC	Mono
2019-07-01-count-3:TCCTAATGTGACTCGC	Mono
2019-07-01-count-3:TGGATGTCAAGCTACT	HSPC
2019-07-01-count-2:TGCACGGCACTGAGGA	Mono
2019-07-01-count-2:ATGAAAGCATGGAAGC	Mono
2019-07-01-count-3:ACAAAGATCGCTTACC	Mono
2019-07-01-count-3:TCACGCTCAGTTTCAG	Gran
2019-07-01-count-3:GAGAGGTTCGTGGAAG	Mono
2019-07-01-count-1:ATGGGTTCACACAGAG	Mono
2019-07-01-count-2:ACTATCTAGGATCACG	Mono
2019-07-01-count-2:CGTTAGAGTACAGAAT	Mono
2019-07-01-count-1:CGGCAGTGTACAGAAT	HSPC
2019-07-01-count-1:CCGTGAGCAGCGGATA	DC
2019-07-01-count-1:TGTTGGATCGCAGTCG	Mono
2019-07-01-count-1:GCATCGGGTCTGTGGC	Mono
2019-07-01-count-1:TCTATACCACTATGTG	Mono
2019-07-01-count-3:TGCGGGTAGGCACTCC	Mono
2019-07-01-count-1:AAAGTCCAGGGAGATA	HSPC
2019-07-01-count-2:GTGCGTGGTCGACTTA	T
2019-07-01-count-1:ACATGCATCGTGCTCT	Mono
2019-07-01-count-3:GGCAGTCAGTCGGGAT	Mono
2019-07-01-count-1:TACCCACGTCCGACGT	Mono
2019-07-01-count-2:CTAGACAAGGGATCAC	Mono
2019-07-01-count-1:TCATACTAGCTCCCTT	Mono
2019-07-01-count-1:TTTACGTGTGTCATGT	Mono
2019-07-01-count-1:ACTATTCAGCCATCCG	Gran
2019-07-01-count-1:CGTTAGAAGTGGTTCT	Mono
2019-07-01-count-1:ACCAAACAGATCGACG	Mono
2019-07-01-count-1:GTGAGCCAGCTCTGTA	Mono
2019-07-01-count-1:GCATGATCATGGGCAA	Gran
2019-07-01-count-2:ACACCAAAGACAACAT	HSPC
2019-07-01-count-1:AAAGTGACAGGGATAC	HSPC
2019-07-01-count-1:ACAAAGACAGCGTGAA	Mono
2019-07-01-count-2:TCATCATGTGCAGGAT	Mono
2019-07-01-count-3:TCCTCTTCAAGAATGT	Mono
2019-07-01-count-2:CAAGGGATCACATACG	Mono
2019-07-01-count-1:CGGGTCAAGCAGGGAG	Gran
2019-07-01-count-1:TATCGCCTCAGGAAAT	Mono
2019-07-01-count-1:GCATTAGTCACATCAG	Mono
2019-07-01-count-1:ACTCCCAAGTACTCGT	Mono
2019-07-01-count-1:GTAGGAGAGTCACGAG	Mono
2019-07-01-count-2:ACACGCGCAATTCTTC	HSPC
2019-07-01-count-1:CATTCATAGTAGTCTC	DC
2019-07-01-count-2:GTCTCACGTAGAATGT	Mono
2019-07-01-count-1:TCCATCGGTGATACTC	Mono
2019-07-01-count-1:ACTCTCGAGCTGCGAA	Mono
2019-07-01-count-1:CAGCCAGCACGGTGCT	B
2019-07-01-count-1:GTGTCCTGTGCCTGCA	Mono
2019-07-01-count-3:CTACCTGGTCCGATCG	Mono
2019-07-01-count-3:GGAATCTTCAAGAAAC	Gran
2019-07-01-count-2:TCATCCGTCGAACACT	Gran
2019-07-01-count-1:CACGTTCCACAGAGCA	Mono
2019-07-01-count-1:CCACGAGGTCATCCCT	Mono
2019-07-01-count-3:CGGACACTCATACAGC	Mono
2019-07-01-count-3:TCAGCCTAGTGGTCAG	Mono
2019-07-01-count-2:GTGGAGATCAGCTCTC	Mono
2019-07-01-count-1:ACTGATGAGAGATTCA	Mono
2019-07-01-count-3:ACTCTCGTCAACACGT	HSPC
2019-07-01-count-3:CGTGCTTCAGGCCTGT	Mono
2019-07-01-count-2:CATAGACTCACCCATC	HSPC
2019-07-01-count-3:GCAGCTGTCTTGGTCC	Mono
2019-07-01-count-2:TACGTCCAGCTTCTAG	HSPC
2019-07-01-count-1:GTAACCATCATGAGAA	Mono
2019-07-01-count-1:AACAAGAAGGCTCCCA	Mono
2019-07-01-count-3:CTCCTTTGTGCCTATA	Mono
2019-07-01-count-2:GAAGGGTTCTGCGATA	Mono
2019-07-01-count-1:GGCGTCAGTACGACTT	Mono
2019-07-01-count-3:GAGGCAATCCGACATA	Mono
2019-07-01-count-1:CCTATCGGTGCTTCAA	HSPC
2019-07-01-count-1:ATAGAGATCTTCCCAG	Mono
2019-07-01-count-2:AGTTAGCCATAACTCG	Mono
2019-07-01-count-3:AGCTCAACACATAGCT	Mono
2019-07-01-count-1:CACTGGGCAAGAGTAT	Mono
2019-07-01-count-3:TATCAGGGTATGTCAC	Mono
2019-07-01-count-2:TAGTGCAAGGTAATCA	Mono
2019-07-01-count-1:TCGAACACAGAACTTC	Mono
2019-07-01-count-3:TCTCACGTCACTTTGT	Mono
2019-07-01-count-1:GTGCACGTCGCAATGT	HSPC
2019-07-01-count-3:GTTGAACGTAACATGA	HSPC
2019-07-01-count-3:GACAGCCGTGGTATGG	Mono
2019-07-01-count-2:GTGGGAATCGCTGTCT	Mono
2019-07-01-count-1:AAGATAGTCTAGCAAC	Mono
2019-07-01-count-1:TCTGGCTTCAAGGACG	Mono
2019-07-01-count-3:AACGTCATCAAAGAAC	Mono
2019-07-01-count-1:CACTGTCAGAGGGCGA	Mono
2019-07-01-count-3:CTCTCGACAGCTACTA	Mono
2019-07-01-count-3:CCCTAACGTGGAGAAA	Mono
2019-07-01-count-1:TTAGGCAGTACGATCT	Mono
2019-07-01-count-2:AACCTGATCTAGCCTC	HSPC
2019-07-01-count-1:GTGCGTGCAGGCTATT	Mono
2019-07-01-count-1:CTCCTTTCACCCTGTT	Mono
2019-07-01-count-2:CGATCGGGTCAGTTTG	Mono
2019-07-01-count-2:TGATGGTGTGACAGGT	Mono
2019-07-01-count-3:TCAGTGAAGAACTTCC	Mono
2019-07-01-count-3:TGAATGCGTATCGCGC	HSPC
2019-07-01-count-2:AACCTTTCATCTTTCA	Mono
2019-07-01-count-3:TTACGTTCAACACGTT	Mono
2019-07-01-count-1:ACTTATCCACCAGGTC	Mono
2019-07-01-count-3:GGAGGTACATATGCGT	Mono
2019-07-01-count-3:ATACTTCTCCATCACC	Gran
2019-07-01-count-3:GTCGTTCTCCAGTGCG	Mono
2019-07-01-count-3:TGGAGGACAAGATGGC	Mono
2019-07-01-count-2:GTGAGTTAGTGCAGGT	HSPC
2019-07-01-count-3:TCAGTGATCGCCGAAC	Mono
2019-07-01-count-3:CTGAATGAGTTATGGA	Mono
2019-07-01-count-1:CATTTCAAGACCAGAC	Mono
2019-07-01-count-3:TAATCTCCAGTTGCGC	Mono
2019-07-01-count-2:GTGTCCTGTACATTGC	B
2019-07-01-count-1:CTAGACACACATGGTT	Mono
2019-07-01-count-2:TTCTGTAGTTGCTCCT	Mono
2019-07-01-count-3:GTTGCTCTCTGAGTCA	Gran
2019-07-01-count-1:GAAGCCCGTTCGGACC	Mono
2019-07-01-count-3:TGACAGTCACGACGCT	Mono
2019-07-01-count-3:AATTTCCCACCGTCGA	Gran
2019-07-01-count-2:TAAGCACAGAGTTGTA	B
2019-07-01-count-2:ACATTTCAGGTAGATT	Mono
2019-07-01-count-1:GCCCGAATCGCTTAAG	Mono
2019-07-01-count-1:CAGATCAAGTGGGAAA	Mono
2019-07-01-count-1:GTACAGTGTGTCTCCT	Mono
2019-07-01-count-1:TTGTTGTTCGAGGCAA	DC
2019-07-01-count-1:TACAGGTGTAACCCGC	B
2019-07-01-count-2:AGACACTCATTGCAAC	Mono
2019-07-01-count-1:CCAATGACACTTGAGT	Mono
2019-07-01-count-2:GTGCACGCATGGGAAC	Mono
2019-07-01-count-1:ACTTCGCCAATGGGTG	Mono
2019-07-01-count-3:TCGCACTCAGTCGCTG	Mono
2019-07-01-count-2:ATTCTACTCGATCCAA	Mono
2019-07-01-count-1:GAAGCGATCCCTATTA	Mono
2019-07-01-count-1:CAGATTGCATTGACCA	Mono
2019-07-01-count-1:GCCGTGAGTGAATGAT	Mono
2019-07-01-count-1:TCTTTGACACCGAATT	Mono
2019-07-01-count-3:CTCCATGTCCTACAAG	Mono
2019-07-01-count-3:TGGGAAGGTCGGCTAC	Mono
2019-07-01-count-1:ACTTTCACACCGGAAA	Mono
2019-07-01-count-2:TTTCATGGTCTATGAC	Mono
2019-07-01-count-3:TGGCGTGTCCCAGGCA	Mono
2019-07-01-count-2:TGCAGATGTAACGCGA	Mono
2019-07-01-count-3:GATGCTAAGGGACACT	DC
2019-07-01-count-2:TTCAATCAGTGCAAAT	Mono
2019-07-01-count-1:ACGATGTAGCAACAGC	Mono
2019-07-01-count-1:GTTCATTGTGGTTCTA	Mono
2019-07-01-count-2:GTCACTCGTGAAGCTG	Mono
2019-07-01-count-3:TTAGGGTTCAAATGAG	Mono
2019-07-01-count-3:AATCGACCAGCACACC	HSPC
2019-07-01-count-1:AACGGGACATGGACAG	Mono
2019-07-01-count-3:CGGAACCCAAATACGA	Gran
2019-07-01-count-2:TTTCCTCCACATACTG	Mono
2019-07-01-count-2:TGTCCTGGTGAGCTCC	Mono
2019-07-01-count-1:TGAATCGCAAAGGAGA	Mono
2019-07-01-count-3:AGAGCAGGTTCCGCGA	B
2019-07-01-count-1:TAGACCAGTACAGGTG	Gran
2019-07-01-count-3:TAACACGAGGATATGT	HSPC
2019-07-01-count-3:AGAACAACAGATCATC	Mono
2019-07-01-count-3:CGAGTTAAGTCATGCT	Mono
2019-07-01-count-2:CATGCAATCCACGGAC	Mono
2019-07-01-count-2:CACGAATCAGTCGCTG	Mono
2019-07-01-count-2:GGGATGACAGGTTCGC	Mono
2019-07-01-count-2:TTCGATTTCGCTGATA	Gran
2019-07-01-count-2:ACGGTCGGTCGTGATT	B
2019-07-01-count-3:ATCGGATGTAACATGA	Mono
2019-07-01-count-1:GGGATCCGTGCTGATT	HSPC
2019-07-01-count-3:GAATAGAAGTACCCTA	Mono
2019-07-01-count-3:TGGGCGTCAGCAGACA	Mono
2019-07-01-count-1:GCGATCGTCTCTCTTC	Mono
2019-07-01-count-2:CATTTCAGTCGACTTA	HSPC
2019-07-01-count-1:CTGTGGGCAGTCCGTG	Mono
2019-07-01-count-2:TCACTATGTTAAAGTG	Mono
2019-07-01-count-1:CCTTGTGGTTCGTTCC	Mono
2019-07-01-count-3:ATTCACTGTCACGCTG	Mono
2019-07-01-count-1:AGGGCCTAGCGACTAG	HSPC
2019-07-01-count-1:CTCAAGATCGATACGT	T
2019-07-01-count-1:CATTCCGCAACGATCT	T
2019-07-01-count-3:TTCAATCCATGCCATA	Gran
2019-07-01-count-1:ACTCTCGTCTGCACCT	Mono
2019-07-01-count-3:AAGCGTTTCAGTGTTG	Mono
2019-07-01-count-1:CCACGTTAGTCACTAC	HSPC
2019-07-01-count-3:GGCTTTCAGAGTGGCT	HSPC
2019-07-01-count-3:TCATGGATCGCCACTT	Mono
2019-07-01-count-2:TGTGGCGAGAGGCCAT	Mono
2019-07-01-count-2:CGAGGAATCATGCTAG	Mono
2019-07-01-count-2:TCTATACTCTTCGACC	T
2019-07-01-count-2:ATCGGCGCATGACAAA	Mono
2019-07-01-count-1:TTCTGTAAGTGCAGCA	Mono
2019-07-01-count-3:TATCAGGAGACCAACG	Mono
2019-07-01-count-2:TACACCCGTCGCTTGG	Mono
2019-07-01-count-3:GTAAGTCGTACTCGTA	HSPC
2019-07-01-count-2:GATTCGAAGTTCATCG	HSPC
2019-07-01-count-2:ACGTAACTCTTCCCAG	Mono
2019-07-01-count-3:GACCCAGGTCCAGAAG	Mono
2019-07-01-count-3:CCGGGTAGTCTTGAAC	Mono
2019-07-01-count-1:GGCTGTGAGCCATCCG	Ery
2019-07-01-count-1:TTGGGCGTCCATCGTC	Gran
2019-07-01-count-2:CTCAAGACAAACGAGC	HSPC
2019-07-01-count-1:GTGCACGTCATTCATC	Mono
2019-07-01-count-2:TTCTAGTGTTATAGAG	Mono
2019-07-01-count-1:CTTAGGATCAGCTGTA	Mono
2019-07-01-count-3:CGATGGCTCCGGACTG	Mono
2019-07-01-count-1:GTTGCTCCAGGTCCGT	Mono
2019-07-01-count-1:TCATGGAGTGTGTGGA	Mono
2019-07-01-count-3:TCTCAGCAGCGTCAAG	HSPC
2019-07-01-count-2:CTCAAGATCATTCTTG	Gran
2019-07-01-count-2:GCTCAAAAGTTCCAGT	Mono
2019-07-01-count-1:TGGTACATCGGACGTC	Gran
2019-07-01-count-2:GGGTAGAAGAGTTGAT	Mono
2019-07-01-count-1:TTCCGGTAGCGCACAA	Mono
2019-07-01-count-3:GATTGGTTCACCTCGT	Gran
2019-07-01-count-1:AAACGAAAGAAGTATC	HSPC
2019-07-01-count-1:GCTACCTTCATACAGC	Mono
2019-07-01-count-1:TGGTGATAGACTTCCA	Mono
2019-07-01-count-1:CTGGACGCAAGATTGA	HSPC
2019-07-01-count-1:TCGACCTAGAGAGGGC	Mono
2019-07-01-count-1:CAACAGTGTAGGAAAG	Mono
2019-07-01-count-1:AGGGTTTGTTCTTAGG	DC
2019-07-01-count-2:GTAGGTTGTTCCACAA	B
2019-07-01-count-3:GACCAATCATCATCTT	Mono
2019-07-01-count-1:AGGTAGGGTAGTCGTT	Mono
2019-07-01-count-2:ATCCATTGTGCATTTG	Mono
2019-07-01-count-1:AGACACTTCCTGCTAC	Mono
2019-07-01-count-1:GGGTAGAAGGAACATT	Mono
2019-07-01-count-2:AAGTACCAGAACGTGC	Mono
2019-07-01-count-2:TCTCTGGCACCTAAAC	Mono
2019-07-01-count-2:CACTGGGTCTCCGAGG	Mono
2019-07-01-count-3:CCGTGAGCAAATTGGA	Mono
2019-07-01-count-1:TTTGATCGTAATGATG	DC
2019-07-01-count-1:GACCCAGAGCAATTCC	Mono
2019-07-01-count-2:GTTCTATAGGGTACGT	B
2019-07-01-count-1:GTTGTGAAGGATACAT	Mono
2019-07-01-count-3:GCTGGGTGTGTATACC	Mono
2019-07-01-count-1:GGGTGTCTCACGAGGA	Mono
2019-07-01-count-1:TCAGGTAAGGACTATA	Mono
2019-07-01-count-3:AAGTGAATCCAAGGGA	Mono
2019-07-01-count-2:AGGACGACAATTGCCA	HSPC
2019-07-01-count-1:GCTGCAGGTTACACTG	Mono
2019-07-01-count-3:ACCTACCTCATTACCT	Mono
2019-07-01-count-1:TTCCTCTCATAGAATG	HSPC
2019-07-01-count-1:GGGTATTTCTCCAAGA	Mono
2019-07-01-count-2:CATTCTAAGGCACTAG	Mono
2019-07-01-count-3:GTGCTTCTCCCAATAG	Gran
2019-07-01-count-1:GAGTTGTGTACGAAAT	HSPC
2019-07-01-count-2:CTCAGTCTCTGTTCAT	Mono
2019-07-01-count-3:CAGCGTGCAATCTAGC	HSPC
2019-07-01-count-3:GGTGTCGTCTAGCCAA	Mono
2019-07-01-count-2:CAGAGCCGTCTGTAAC	Mono
2019-07-01-count-2:CGGGCATAGTGAATAC	Mono
2019-07-01-count-2:GTCAAACGTGCCTAAT	Mono
2019-07-01-count-3:GTTAGACCACACGGAA	HSPC
2019-07-01-count-1:ACCTGTCAGTCATGGG	Mono
2019-07-01-count-3:GACCGTGCATAACTCG	HSPC
2019-07-01-count-1:CTGTAGAAGTAACCTC	Mono
2019-07-01-count-1:CCCGAAGTCGGACGTC	Mono
2019-07-01-count-2:AGGTCATTCCTAGCTC	Mono
2019-07-01-count-2:GTCACGGCACTTTAGG	DC
2019-07-01-count-2:ATCCTATAGGATAATC	Mono
2019-07-01-count-3:GTGGAGAGTGTGAATA	Gran
2019-07-01-count-1:GGGTGAATCCCTATTA	Mono
2019-07-01-count-3:GACCTTCAGTCAGCGA	Mono
2019-07-01-count-3:TGTTCCGTCACACGAT	T
2019-07-01-count-1:GATAGAATCCTTCGAC	Mono
2019-07-01-count-3:ATCGATGAGTTCATCG	Mono
2019-07-01-count-1:TCACACCTCGCTGTCT	Gran
2019-07-01-count-1:AGACTCAGTTTCAGAC	HSPC
2019-07-01-count-1:GGGAGTAAGATGTAGT	DC
2019-07-01-count-2:CCTCAACGTAGTTAGA	Gran
2019-07-01-count-3:ACCAACACAGTTCACA	Mono
2019-07-01-count-2:AGGAGGTTCTTAGCAG	Mono
2019-07-01-count-3:GAACACTAGCAATTAG	B
2019-07-01-count-3:AGGCATTAGCCTATCA	Mono
2019-07-01-count-2:TCATCATAGGCAGGGA	Gran
2019-07-01-count-3:CGGAATTCAACTCGTA	Mono
2019-07-01-count-3:CATTCTACAGAACTAA	DC
2019-07-01-count-2:GTTACCCAGGTCACAG	HSPC
2019-07-01-count-1:ATGACCAAGCGCTTCG	Mono
2019-07-01-count-1:GGATGTTGTTGCTTGA	Mono
2019-07-01-count-2:AGGTTACCAGCGTGAA	Mono
2019-07-01-count-1:AAGTTCGGTGTGAATA	Gran
2019-07-01-count-3:ACTCCCAAGACCATTC	Mono
2019-07-01-count-3:CCATAAGAGTGCTAGG	Mono
2019-07-01-count-1:GACTCAATCTAATTCC	Gran
2019-07-01-count-2:CTCCACACAGACAAGC	Mono
2019-07-01-count-3:CCTCAACAGCCACAAG	Mono
2019-07-01-count-1:TGTCCCACATGATCTG	HSPC
2019-07-01-count-3:ACTCCCAGTTTCACTT	Mono
2019-07-01-count-1:ACCAACAGTTCTCAGA	HSPC
2019-07-01-count-1:TGGGAGAAGACTTCGT	Mono
2019-07-01-count-1:AGTAGCTGTCTACAGT	Mono
2019-07-01-count-3:TACCCGTAGAAATTCG	Mono
2019-07-01-count-2:GGACGTCCAGTATGAA	Gran
2019-07-01-count-1:CATTCATGTTGTGTTG	Mono
2019-07-01-count-3:CATCGTCCACTGCTTC	Mono
2019-07-01-count-1:CGGGTGTCAACACACT	Mono
2019-07-01-count-3:CACATGAGTAACGTTC	Mono
2019-07-01-count-2:TGAGGTTTCTCATGGA	DC
2019-07-01-count-1:GTGAGTTTCAGACCCG	Mono
2019-07-01-count-2:TTCAGGATCCAACTAG	Mono
2019-07-01-count-1:TCCATGCCATTGCAAC	HSPC
2019-07-01-count-2:ACGTAACCATGCGGTC	HSPC
2019-07-01-count-1:AAGACAAAGACTCCGC	Mono
2019-07-01-count-1:TACCTGCTCATTGGTG	Mono
2019-07-01-count-1:GTTGTGAAGCATTTGC	Mono
2019-07-01-count-2:ACAGAAACAAGTTCGT	Mono
2019-07-01-count-1:GGAATCTCACCGGAAA	Mono
2019-07-01-count-1:ATGCATGAGGGTACGT	Gran
2019-07-01-count-2:GGAGATGAGTTTCTTC	Mono
2019-07-01-count-2:TGGTGATTCAAGCTGT	DC
2019-07-01-count-1:CCGGTAGAGTCCCTAA	Mono
2019-07-01-count-3:AATTTCCAGCGCATCC	Mono
2019-07-01-count-3:TCCTTCTTCCGCAACG	Mono
2019-07-01-count-2:CATCAAGAGTCTTGGT	Mono
2019-07-01-count-1:AATGGAAAGATACTGA	Mono
2019-07-01-count-1:TTGGGTAAGCCGCACT	Mono
2019-07-01-count-1:TAGTGCAGTTGGAGGT	Mono
2019-07-01-count-2:GAAATGATCCTCAGGG	Gran
2019-07-01-count-1:GTATTGGGTGTTCGAT	DC
2019-07-01-count-1:GGAATGGGTCATGGCC	Mono
2019-07-01-count-2:TTTACGTGTCTCTCAC	HSPC
2019-07-01-count-1:CTTAGGATCGGATACT	DC
2019-07-01-count-3:TGTGATGTCAGCTGAT	Mono
2019-07-01-count-3:AACAACCTCAAACGTC	Mono
2019-07-01-count-2:ACGTCCTAGATGCGAC	Mono
2019-07-01-count-3:TGTGCGGCACGTGTGC	Gran
2019-07-01-count-3:TCCGAAAGTCACTCGG	T
2019-07-01-count-2:CATCCACGTACCCGCA	HSPC
2019-07-01-count-2:TTTACTGGTGCCGTTG	Mono
2019-07-01-count-1:TAGGTACCACGTCGTG	HSPC
2019-07-01-count-3:CCTCATGGTGACACAG	HSPC
2019-07-01-count-3:CAATTTCCAGACAAAT	HSPC
2019-07-01-count-1:GAGAAATGTCCTCCTA	Mono
2019-07-01-count-2:AATGGCTCAACTCATG	Mono
2019-07-01-count-1:TCGTGGGAGCTCCCTT	Mono
2019-07-01-count-1:AGATGCTAGCCACAAG	HSPC
2019-07-01-count-2:CTCCTCCGTGCTAGCC	Mono
2019-07-01-count-1:GGAGAACTCGTTCTAT	HSPC
2019-07-01-count-2:CAACCAACATCGTTCC	Mono
2019-07-01-count-2:TGGCGTGTCAGCCTTC	Mono
2019-07-01-count-3:GGGTCTGAGGTCGTAG	Mono
2019-07-01-count-3:CTTCTAACAAGATGGC	Mono
2019-07-01-count-3:TCTGGCTCATCCGCGA	Mono
2019-07-01-count-2:TGGGAAGAGTTTAGGA	HSPC
2019-07-01-count-3:GGGTGAAAGGTCGTAG	HSPC
2019-07-01-count-1:CTCATCGAGCCAGAGT	Mono
2019-07-01-count-2:TTCCGGTCAAAGAGTT	Mono
2019-07-01-count-2:GTAAGTCTCCGAACGC	Mono
2019-07-01-count-1:TGGCGTGGTCAAATCC	HSPC
2019-07-01-count-3:CTCCCTCAGTATCCTG	Mono
2019-07-01-count-3:AGTCATGCAGCAGTTT	Mono
2019-07-01-count-3:CGGTCAGAGTGTAGTA	Gran
2019-07-01-count-1:GTGAGCCAGGAGGCAG	Mono
2019-07-01-count-2:AATTTCCAGGTCACAG	Mono
2019-07-01-count-1:ATGTCCCTCGGACAAG	Mono
2019-07-01-count-1:CGGGTCAAGAGTGTGC	Gran
2019-07-01-count-1:TAGTGCAGTGGCATCC	DC
2019-07-01-count-3:TACGCTCTCGATCCCT	Mono
2019-07-01-count-3:CATAGACTCTCTCAAT	Mono
2019-07-01-count-3:CGGTCAGGTGGAATGC	Mono
2019-07-01-count-3:TATCTTGTCTCATGGA	Mono
2019-07-01-count-2:CTACGGGAGTTAGTAG	Mono
2019-07-01-count-2:GACAGCCAGAGAAGGT	Mono
2019-07-01-count-2:CATCGGGCAAACAGGC	Mono
2019-07-01-count-3:GAAGCGACACGACTAT	Mono
2019-07-01-count-2:GTTGCGGAGAAGCGAA	Mono
2019-07-01-count-3:GTTACGATCGGTGTTA	B
2019-07-01-count-3:GTAGCTACATGTACGT	Mono
2019-07-01-count-2:GAGTCTAGTCGTATGT	HSPC
2019-07-01-count-1:AAAGGTAAGTGACCTT	Gran
2019-07-01-count-2:GTTGCGGGTCCTTTGC	DC
2019-07-01-count-2:GGCACGTCAGGGTCTC	HSPC
2019-07-01-count-1:TGCATGATCCGCTAGG	DC
2019-07-01-count-1:TATATCCCAGAGGACT	Mono
2019-07-01-count-3:CCTGCATAGATAGCTA	Mono
2019-07-01-count-3:CTTGAGATCCACGTCT	Mono
2019-07-01-count-3:CTTGATTCACGTAGTT	Mono
2019-07-01-count-1:TAACACGAGCCACTCG	Gran
2019-07-01-count-1:TGAACGTCAGAATTCC	Mono
2019-07-01-count-2:AAGTTCGGTGCGACAA	HSPC
2019-07-01-count-3:GAAGGACTCTTAGCTT	HSPC
2019-07-01-count-3:TGCGGCATCTATTGTC	Mono
2019-07-01-count-1:GATCCCTAGTTGTCAC	Mono
2019-07-01-count-3:TTAGGGTAGGATTTCC	Gran
2019-07-01-count-1:GTCATGACACATGACT	DC
2019-07-01-count-2:TAAGCGTTCGCTTTAT	Mono
2019-07-01-count-2:TTTACGTAGACGGTCA	HSPC
2019-07-01-count-2:AGGTGTTCACGCAGTC	Mono
2019-07-01-count-3:CATGAGTCAGAACTCT	Mono
2019-07-01-count-3:TCTATCATCCTTCTGG	Mono
2019-07-01-count-2:ATTACCTGTTCGCGTG	Mono
2019-07-01-count-1:CAGCAATTCTTTGGAG	Gran
2019-07-01-count-1:CCTCCAAAGTAACGAT	Mono
2019-07-01-count-2:TGGGTTAAGTGACACG	Mono
2019-07-01-count-1:TGGGTTAGTCGTGGAA	Mono
2019-07-01-count-3:TTGGGTACAGCTATTG	Mono
2019-07-01-count-1:ATACCTTCAATCCTTT	Mono
2019-07-01-count-3:TGAGCATTCCCACAGG	Mono
2019-07-01-count-3:TGCTCGTTCTGGGCAC	Mono
2019-07-01-count-2:TGAGGAGTCTTACTGT	Mono
2019-07-01-count-3:TCGCTTGAGGTTGTTC	Mono
2019-07-01-count-2:GCCAGTGGTCCTATAG	HSPC
2019-07-01-count-2:TGGTACACAACGCCCA	Mono
2019-07-01-count-2:AGCGATTTCGAGAATA	HSPC
2019-07-01-count-3:TTGATGGGTGACCGTC	DC
2019-07-01-count-1:ATTTACCGTCTACACA	HSPC
2019-07-01-count-2:ATCGCCTTCAATCTTC	Mono
2019-07-01-count-1:TAGACTGTCGAAGAAT	Mono
2019-07-01-count-1:GTGTCCTGTATGGTTC	HSPC
2019-07-01-count-1:TGGGAGACACCCTGAG	Mono
2019-07-01-count-2:AGTGTTGAGATGAACT	Mono
2019-07-01-count-1:GGGATGATCTAACGCA	Mono
2019-07-01-count-3:CGGAGAAAGACCTGGA	Mono
2019-07-01-count-1:ATTTCACCAGTAGAAT	HSPC
2019-07-01-count-1:TCTCAGCTCCCTTGGT	Mono
2019-07-01-count-1:AGGGCTCAGCGTGTTT	Mono
2019-07-01-count-3:CATCGTCGTTTGGGTT	T
2019-07-01-count-1:GGGCCATCACATGAAA	Gran
2019-07-01-count-3:GTAACCAGTTCTGACA	Mono
2019-07-01-count-3:AGTTAGCTCACTACTT	Mono
2019-07-01-count-2:AACCAACCATCCGTTC	Mono
2019-07-01-count-1:GTGCTGGTCGGTCAGC	Mono
2019-07-01-count-1:GCCCAGACAAACGGCA	Mono
2019-07-01-count-1:AGGTCATAGACAACAT	Mono
2019-07-01-count-2:TGGTGATCAGAGTCTT	Mono
2019-07-01-count-1:TCATTACGTGGTCCCA	Mono
2019-07-01-count-3:TCTTTGACAAGCGAGT	Mono
2019-07-01-count-3:CTCCAACAGCTTTGTG	B
2019-07-01-count-1:AGTAACCCACGAGGAT	Gran
2019-07-01-count-1:GATAGCTGTGCTGATT	Mono
2019-07-01-count-3:GGTTGTAAGCCTCTCT	Mono
2019-07-01-count-3:ACCAACACAACCTATG	Mono
2019-07-01-count-2:GAATCGTCAAGTCCAT	Mono
2019-07-01-count-3:CATAGACTCCTCTGCA	Mono
2019-07-01-count-2:TCTACATTCCAGTGTA	Mono
2019-07-01-count-3:ACTTCCGTCAACGTGT	B
2019-07-01-count-1:TTGTTCATCCATTTCA	HSPC
2019-07-01-count-2:CATCAAGTCACGACTA	Gran
2019-07-01-count-2:TCTGGCTTCTTCGTGC	Mono
2019-07-01-count-1:GAACGTTCAAATCCCA	Gran
2019-07-01-count-2:GCAGTTAAGCTCACTA	Mono
2019-07-01-count-2:TTTGGTTTCTGATGGT	Mono
2019-07-01-count-2:GAATAGAGTACGCTTA	Mono
2019-07-01-count-1:CACTGTCAGACCCTTA	HSPC
2019-07-01-count-3:GAACGTTCATAATGAG	HSPC
2019-07-01-count-3:GGAGCAAAGGTTGGAC	HSPC
2019-07-01-count-3:TACCGGGTCCGTTGAA	Mono
2019-07-01-count-2:GTCCCATAGCGTTCCG	Mono
2019-07-01-count-2:TGATGGTAGTGATAAC	B
2019-07-01-count-1:CCTCACACATTGAGGG	Mono
2019-07-01-count-3:ACAGGGAGTTGATGTC	Mono
2019-07-01-count-1:CGTCAAACAAAGCTCT	Mono
2019-07-01-count-3:TTGGATGCATACAGGG	Mono
2019-07-01-count-1:GCCATGGTCCCGAATA	Mono
2019-07-01-count-1:GTGCTGGCATCCGAGC	Mono
2019-07-01-count-3:AGGAATAAGGTCGCCT	Gran
2019-07-01-count-2:TCGTAGACAAGCTGTT	Mono
2019-07-01-count-1:GGCTTTCGTCTATGAC	Mono
2019-07-01-count-2:GCCGATGAGTAGAATC	Mono
2019-07-01-count-2:TGATTCTAGATGCGAC	B
2019-07-01-count-1:ACTTATCCAGGTAGTG	Mono
2019-07-01-count-1:CTGAGCGAGGATACAT	DC
2019-07-01-count-3:ATGTCCCCATCGGAAG	Mono
2019-07-01-count-1:TTTGACTGTAACACCT	B
2019-07-01-count-1:TGAGCGCGTGACACAG	Mono
2019-07-01-count-1:TCATACTTCATGTCTT	Mono
2019-07-01-count-1:GATGCTAGTAGAATGT	B
2019-07-01-count-2:GGGATCCCATGGCCAC	Mono
2019-07-01-count-1:TCGGGCAGTTGAATCC	Mono
2019-07-01-count-2:CCCGGAAAGGGATCGT	T
2019-07-01-count-2:TCTAACTTCGGTCGAC	HSPC
2019-07-01-count-1:GCCAGGTAGACCAACG	Gran
2019-07-01-count-1:TGTCCACGTCGAATTC	HSPC
2019-07-01-count-3:CCGATGGCATCCGTGG	DC
2019-07-01-count-2:CACTTCGTCCGGCAGT	HSPC
2019-07-01-count-3:GAGTTTGGTGGCCCAT	Mono
2019-07-01-count-2:TATTCCACACACGTGC	Mono
2019-07-01-count-2:ATAGACCAGAAGTCCG	Mono
2019-07-01-count-3:TAGTGCACATCACAGT	Mono
2019-07-01-count-1:AACCCAATCCACACAA	Mono
2019-07-01-count-1:TGTACAGAGAAATCCA	Mono
2019-07-01-count-1:GACCGTGCATCCGTTC	Mono
2019-07-01-count-3:TATGTTCAGTCCCAAT	Mono
2019-07-01-count-3:TAATTCCTCCTGATAG	Mono
2019-07-01-count-1:CAGATCATCCCGAATA	HSPC
2019-07-01-count-1:GCTTCACAGACATCAA	Mono
2019-07-01-count-2:TCGCACTAGCACCTGC	HSPC
2019-07-01-count-1:AGACCCGCATATTCGG	HSPC
2019-07-01-count-3:CTGAGGCTCCTGCTAC	Mono
2019-07-01-count-2:GTGCACGTCGACATTG	Mono
2019-07-01-count-3:TCGCAGGAGGGCTGAT	Mono
2019-07-01-count-3:ACCAAACCAGAGTAAT	HSPC
2019-07-01-count-3:GAAGGACGTTTGAACC	Mono
2019-07-01-count-3:GTTGTGAGTTCCTACC	Mono
2019-07-01-count-3:TAGGTACTCACCGGGT	DC
2019-07-01-count-2:CGCATGGAGCACGTCC	HSPC
2019-07-01-count-2:CATCGTCCAGCTGGTC	Mono
2019-07-01-count-3:AGCGATTGTCATCTAG	Mono
2019-07-01-count-1:CTTGAGATCACATTGG	Mono
2019-07-01-count-2:AGTCTCCCAGACCAGA	Mono
2019-07-01-count-1:GCGGATCAGGTTTACC	Mono
2019-07-01-count-2:GCTGCAGAGGTCGTAG	Mono
2019-07-01-count-1:GATAGAAGTTGCTAGT	Mono
2019-07-01-count-3:TATTGCTCAACAAGAT	DC
2019-07-01-count-3:CGTGCTTTCTGGGATT	Mono
2019-07-01-count-3:TTCTAACAGCATAGGC	DC
2019-07-01-count-2:CACGTGGTCCACGGGT	HSPC
2019-07-01-count-2:TTACGCCCAATCGCCG	Gran
2019-07-01-count-3:TGCTTGCAGTATGGCG	Mono
2019-07-01-count-3:GTCGAATCAATTGTGC	Mono
2019-07-01-count-2:CTAAGTGCATGGACAG	Mono
2019-07-01-count-1:TGTAACGTCATCGCAA	Mono
2019-07-01-count-2:GGGTCACGTAAGATAC	Mono
2019-07-01-count-2:CCTCACAGTGTGACCC	Mono
2019-07-01-count-1:AGACCATCACAGCCAC	Mono
2019-07-01-count-2:CGGGACTGTCATTCCC	Mono
2019-07-01-count-3:GTAGGTTCAGAATCGG	HSPC
2019-07-01-count-3:TGATCTTCAGATACTC	Mono
2019-07-01-count-1:GTCCACTCAAGGACAC	DC
2019-07-01-count-2:AATCACGTCAACACCA	HSPC
2019-07-01-count-2:TTACAGGAGGCGAAGG	Mono
2019-07-01-count-3:TTTGGAGTCGGTAACT	Gran
2019-07-01-count-3:ACCACAATCGGCTATA	DC
2019-07-01-count-3:AAGCGAGAGGGCTTCC	Mono
2019-07-01-count-2:ATCGGATCAACACAGG	T
2019-07-01-count-3:TGCTGAACAACGCCCA	Mono
2019-07-01-count-3:GAATAGAGTAAGACCG	Mono
2019-07-01-count-2:ATCGGATGTTCTTAGG	Mono
2019-07-01-count-3:GCTACAAAGGTGCCTC	HSPC
2019-07-01-count-3:CGATCGGAGTAACCGG	HSPC
2019-07-01-count-2:CCTCCAAAGCATTTCG	Mono
2019-07-01-count-3:CTACCTGGTTGGATCT	Mono
2019-07-01-count-2:TCCTTCTCATGACTAC	Mono
2019-07-01-count-3:CTGCGAGAGTTGAAAC	Mono
2019-07-01-count-1:ACTCTCGTCGATTCCC	HSPC
2019-07-01-count-3:TCCTTCTCAATCGAAA	Mono
2019-07-01-count-1:TCCATGCGTGTTACTG	Mono
2019-07-01-count-2:AGTGTTGGTCATACCA	Mono
2019-07-01-count-2:ATTCACTGTTCTCCTG	Mono
2019-07-01-count-3:ACCGTTCGTCCGGCAT	Mono
2019-07-01-count-3:ACTTTGTTCTGTACAG	B
2019-07-01-count-2:GGTCTGGCAACCACAT	Mono
2019-07-01-count-3:TGCGACGTCATGCCGG	DC
2019-07-01-count-1:CACACAAGTGTCATGT	Gran
2019-07-01-count-3:CAACCTCGTATACGGG	Mono
2019-07-01-count-2:CTCCTTTCAGCACGAA	HSPC
2019-07-01-count-2:TGGCGTGGTGACTATC	HSPC
2019-07-01-count-2:TAGGTACTCCGAGATT	T
2019-07-01-count-1:TCCATGCTCATCGACA	Mono
2019-07-01-count-2:AGATCCAAGTTCGCAT	Mono
2019-07-01-count-2:GATTCTTTCCGACATA	Mono
2019-07-01-count-2:TAGCACAGTGAGGATC	Mono
2019-07-01-count-3:CTCCAACTCGCGGACT	Mono
2019-07-01-count-2:TGGGTTAGTGTTCCTC	Mono
2019-07-01-count-1:AGTACCACAAATTAGG	Mono
2019-07-01-count-2:ACCTGTCTCCTACACC	HSPC
2019-07-01-count-2:CTAACCCAGTCTCGTA	B
2019-07-01-count-1:TGGAGAGGTTTGGGAG	Mono
2019-07-01-count-1:AGGTGTTCAAGGTCTT	Mono
2019-07-01-count-1:TCAATCTAGATCGCTT	Mono
2019-07-01-count-2:GTCCACTTCGCCACTT	Mono
2019-07-01-count-3:AAGGTAATCCTTCTAA	Mono
2019-07-01-count-1:TCGTGCTTCTTTGATC	Mono
2019-07-01-count-2:GCTGCAGAGAAACTCA	Mono
2019-07-01-count-3:GTGCAGCCAGCGAACA	Mono
2019-07-01-count-3:CCTCATGCAGCGTGAA	Mono
2019-07-01-count-2:TCATGGATCACTTTGT	Mono
2019-07-01-count-3:TCGGTCTAGACTCATC	Mono
2019-07-01-count-3:CTCATGCCACTTACAG	HSPC
2019-07-01-count-2:GTAACCACAATCGAAA	Mono
2019-07-01-count-3:GTGTTCCCAAATGAAC	Mono
2019-07-01-count-2:CATGGTAGTTATAGAG	Mono
2019-07-01-count-1:CGAGAAGAGAGACAAG	B
2019-07-01-count-2:GCTGAATGTACCACGC	Mono
2019-07-01-count-2:TGGAACTAGCGATGGT	Mono
2019-07-01-count-3:GGTGTCGCACAATTCG	Gran
2019-07-01-count-1:TACGTCCGTTCGGTTA	Gran
2019-07-01-count-2:TTCTGTAAGCATGTTC	Mono
2019-07-01-count-2:GATGAGGAGTACGAGC	HSPC
2019-07-01-count-3:AGGGAGTCACTCCTGT	Mono
2019-07-01-count-2:ACTTATCGTAGGTACG	HSPC
2019-07-01-count-3:ACGTCCTAGTATTAGG	Mono
2019-07-01-count-2:ATACCTTGTCACCACG	Mono
2019-07-01-count-3:CTATAGGTCAGCAGAG	Mono
2019-07-01-count-1:AACAAGAAGCTTACGT	Mono
2019-07-01-count-3:ACTGATGGTGACACGA	Mono
2019-07-01-count-3:TGGAGAGGTGCCCACA	Mono
2019-07-01-count-3:CATCAAGCAATATCCG	DC
2019-07-01-count-2:GTCACGGAGAAGCGGG	HSPC
2019-07-01-count-2:TATCGCCTCAAATAGG	Mono
2019-07-01-count-3:GCGAGAAGTATGTCAC	Mono
2019-07-01-count-1:TTGTTTGCACTATCCC	Mono
2019-07-01-count-3:GTCAGCGAGTATGATG	Mono
2019-07-01-count-2:GCATTAGAGTAATACG	Mono
2019-07-01-count-2:CGGGTGTCATTCCTAT	Gran
2019-07-01-count-2:CCTTCAGTCGTTTACT	Mono
2019-07-01-count-3:CGTCCATTCTTTACAC	Mono
2019-07-01-count-3:ACTATTCTCCTGTACC	Gran
2019-07-01-count-3:CCATAAGAGCCAAGCA	Mono
2019-07-01-count-2:ACATTTCAGTCGAAGC	DC
2019-07-01-count-1:TCAGTGATCCGACAGC	HSPC
2019-07-01-count-2:AGTGATCTCAACTTTC	Mono
2019-07-01-count-2:AAGTTCGGTTACCGTA	HSPC
2019-07-01-count-3:ACCAAACCATGCTGCG	Mono
2019-07-01-count-2:TAAGCGTCACCAGCTG	Mono
2019-07-01-count-1:GACCGTGGTCACTCGG	Mono
2019-07-01-count-2:CTCTCGAAGTCGCGAA	Gran
2019-07-01-count-1:GTTAGTGAGGTGGTTG	Mono
2019-07-01-count-3:AGACTCACATTATGCG	Mono
2019-07-01-count-3:GTGGAGAAGCATAGGC	HSPC
2019-07-01-count-1:CAACGGCTCAAGCGTT	Mono
2019-07-01-count-1:ATCTTCACACACCTAA	DC
2019-07-01-count-3:CTCCGATAGCACACCC	Mono
2019-07-01-count-3:GAAACCTCATACCGTA	HSPC
2019-07-01-count-1:CATGGTACACTCCTGT	Mono
2019-07-01-count-1:TGATGCATCAGACCCG	Mono
2019-07-01-count-1:AGTACTGGTTATCTGG	DC
2019-07-01-count-3:TCTTGCGCAGCGAGTA	DC
2019-07-01-count-1:CATGAGTAGCCGATTT	Mono
2019-07-01-count-2:ATGATCGGTGGGACAT	Mono
2019-07-01-count-1:ATCACGAAGTCACGCC	DC
2019-07-01-count-1:CATTGTTAGCTAATGA	Mono
2019-07-01-count-2:GGGTATTGTCGCTGCA	Mono
2019-07-01-count-1:ACAGCCGCAGGAGGTT	Mono
2019-07-01-count-1:CACACAAGTCATCAGT	Mono
2019-07-01-count-3:CTGCCTATCGATTTCT	Mono
2019-07-01-count-3:CGCCAGATCGCTACGG	DC
2019-07-01-count-3:CTACGGGGTAGCTAAA	Mono
2019-07-01-count-2:ATCACGACATATGAAG	Mono
2019-07-01-count-1:GGGCCATAGCTGTGCC	Mono
2019-07-01-count-2:ACTCCCAGTAGAGACC	HSPC
2019-07-01-count-1:GAGCTGCAGCGTTACT	Mono
2019-07-01-count-2:TTCGATTAGGAGGCAG	Mono
2019-07-01-count-3:GCAACCGCACGTCTCT	Mono
2019-07-01-count-2:GAGTTACGTGACATCT	Gran
2019-07-01-count-2:CGCAGGTGTGCGTGCT	Mono
2019-07-01-count-1:TTTGGAGGTGGAACCA	HSPC
2019-07-01-count-1:GTGGAAGGTCAAGTTC	Mono
2019-07-01-count-3:GTCGTTCCAGCTACTA	Mono
2019-07-01-count-1:TGTGTGATCCACGAAT	Mono
2019-07-01-count-3:AGGGCTCAGTCGTTAC	Mono
2019-07-01-count-1:TGCACGGTCGAACCAT	Mono
2019-07-01-count-3:GACTTCCAGAACTGAT	Mono
2019-07-01-count-1:AGGGCCTTCATTACGG	Mono
2019-07-01-count-1:CAGCCAGGTAGCACGA	Mono
2019-07-01-count-1:TTGCTGCGTGCATTAC	Mono
2019-07-01-count-1:TCCTGCAAGCGTATGG	DC
2019-07-01-count-1:CTGCATCGTGGTCCCA	Mono
2019-07-01-count-1:TCATCCGAGCTCCCTT	Gran
2019-07-01-count-1:AGGGAGTGTCGTGTTA	Mono
2019-07-01-count-1:CCTTGTGGTAGTGGCA	DC
2019-07-01-count-2:ACACCAACACATAACC	Gran
2019-07-01-count-2:GACTCAAAGTAAATGC	Mono
2019-07-01-count-3:TTCTCTCGTGGAACAC	Mono
2019-07-01-count-3:TCACAAGGTCAACGCC	DC
2019-07-01-count-2:TCGTAGAGTAGCGTCC	Mono
2019-07-01-count-1:TGCAGATAGCCAAGTG	Gran
2019-07-01-count-2:CAGGGCTAGCTGAAGC	B
2019-07-01-count-1:CTGAGCGTCAAACGAA	Mono
2019-07-01-count-3:CCCTCAACATGCCGCA	Mono
2019-07-01-count-3:CAATACGAGACGCATG	HSPC
2019-07-01-count-1:AGACACTGTTGGATCT	Mono
2019-07-01-count-1:CCTCAGTAGCCATATC	Mono
2019-07-01-count-2:CCACGAGAGTTCATCG	HSPC
2019-07-01-count-1:CTCCTCCTCTCTGAGA	Mono
2019-07-01-count-1:TCCGGGATCCCATTCG	Mono
2019-07-01-count-2:CATACCCAGTCCGTCG	Mono
2019-07-01-count-3:GTGCTTCCAGCAAGAC	Mono
2019-07-01-count-1:TCGCACTTCATAGAGA	DC
2019-07-01-count-2:CCTGTTGAGCCTGTCG	Mono
2019-07-01-count-2:GGAGGATAGAGGCGGA	Mono
2019-07-01-count-3:GGGAGTAAGAAGCCTG	Mono
2019-07-01-count-3:CTCATGCTCCAAGCCG	Mono
2019-07-01-count-1:AAAGTGATCAAGCTTG	Mono
2019-07-01-count-1:AGGTCTACATTACGGT	Mono
2019-07-01-count-1:TTTACTGTCTGGCCGA	Mono
2019-07-01-count-1:CTGCAGGAGTATCCTG	Mono
2019-07-01-count-3:TGGAGAGGTTTCGTTT	Mono
2019-07-01-count-2:CAGTTAGGTCTCGGGT	Mono
2019-07-01-count-1:CTGAATGGTGTTCATG	DC
2019-07-01-count-1:TCCACCAAGATCACTC	Mono
2019-07-01-count-2:AGCCAATGTGCCTTTC	Mono
2019-07-01-count-1:GTCCACTCAGGGACTA	DC
2019-07-01-count-1:AAACGCTAGGGAGTGG	Mono
2019-07-01-count-3:TACCGGGGTAGCTAAA	Mono
2019-07-01-count-2:CATGCGGCAGGAGGAG	Mono
2019-07-01-count-3:TCAGTCCGTATATGGA	HSPC
2019-07-01-count-1:TCATGTTAGGGAACAA	Gran
2019-07-01-count-1:TTAGGCAAGGGATCTG	Mono
2019-07-01-count-1:CATGCCTTCGCCTTTG	Mono
2019-07-01-count-3:ACCTACCCAAGCGCTC	Mono
2019-07-01-count-1:CGGAACCGTTTGCCGG	Mono
2019-07-01-count-2:TTGAGTGTCCCAAGCG	Mono
2019-07-01-count-2:GTATTTCAGGTGGGTT	Gran
2019-07-01-count-1:TGGGAAGTCATTCGGA	Mono
2019-07-01-count-3:TGCGGCAGTTGGCCTG	Mono
2019-07-01-count-3:CTGAGGCAGGGCCAAT	Mono
2019-07-01-count-1:CTCCAACGTACGATGG	HSPC
2019-07-01-count-2:ACGATCACATCTCATT	Mono
2019-07-01-count-1:TATATCCGTCCTTAAG	B
2019-07-01-count-1:GTTGTCCAGTAGACCG	Mono
2019-07-01-count-3:TGGAGAGGTGCCGTTG	Mono
2019-07-01-count-1:TTGAACGTCCATGATG	Mono
2019-07-01-count-3:AGTAACCCACTCAAGT	HSPC
2019-07-01-count-2:TTGAGTGCACACAGAG	Mono
2019-07-01-count-2:GGTAACTAGCATCCCG	Mono
2019-07-01-count-1:GTCCCATAGTGTGTTC	Mono
2019-07-01-count-1:GGAACCCCAGGTTTAC	HSPC
2019-07-01-count-2:CGCCATTCAGACCCGT	Mono
2019-07-01-count-1:GTCTTTAAGTAGTCCT	HSPC
2019-07-01-count-3:CCCTTAGAGCACAAAT	Mono
2019-07-01-count-1:GAGGCCTTCAACCCGG	Mono
2019-07-01-count-3:TGGATCATCCGTGGGT	Mono
2019-07-01-count-2:ATCCCTGTCAACTTTC	Mono
2019-07-01-count-2:TATTCCAAGATGCTTC	Mono
2019-07-01-count-2:CACAGATAGATGGTCG	Gran
2019-07-01-count-2:GTGTTAGTCTGCTTTA	Mono
2019-07-01-count-2:CGTCCATCAGACCAGA	Mono
2019-07-01-count-1:AACCAACTCCTACGGG	HSPC
2019-07-01-count-1:ACCTACCCAACCCTAA	Gran
2019-07-01-count-3:TAGTGCAAGTTGCTGT	Mono
2019-07-01-count-1:TACCTCGTCTGGACCG	Mono
2019-07-01-count-2:TTTGGTTTCAGGACGA	Mono
2019-07-01-count-1:TTTGTTGCATGAGGGT	B
2019-07-01-count-3:CTTTCGGGTTTACTGG	Mono
2019-07-01-count-3:TCGAAGTTCGTTGTTT	DC
2019-07-01-count-2:CATTCTATCTACTTCA	HSPC
2019-07-01-count-1:CGGAGAATCTTGCAAG	Mono
2019-07-01-count-2:GGCACGTCACTCAGAT	Mono
2019-07-01-count-1:TGGCGTGTCCTCTAGC	Mono
2019-07-01-count-1:ATCCTATAGAGTCTTC	Mono
2019-07-01-count-2:AGGTAGGGTTATCCAG	Mono
2019-07-01-count-2:AGGACTTAGCGTCAGA	Mono
2019-07-01-count-1:CGTGCTTCAGGACGAT	Mono
2019-07-01-count-1:TTTGGTTAGACTCGAG	Mono
2019-07-01-count-3:TTGCATTTCGATGGAG	DC
2019-07-01-count-1:GAGGCAAGTAGGGTAC	Mono
2019-07-01-count-3:CCCAACTCAATACCTG	DC
2019-07-01-count-3:CTACCTGCATGGGCAA	Mono
2019-07-01-count-3:ATAGGCTGTCATAAAG	HSPC
2019-07-01-count-1:CCAATTTGTTGTATGC	Mono
2019-07-01-count-1:ACGGTCGCAGCATTGT	Mono
2019-07-01-count-2:GGATCTAAGAATTGCA	Mono
2019-07-01-count-2:GTGCACGTCGTTATCT	Mono
2019-07-01-count-3:TTTGATCAGCTGAGTG	Mono
2019-07-01-count-2:ACTATTCTCGCTTACC	Gran
2019-07-01-count-2:TTCCAATTCAAGTAAG	Mono
2019-07-01-count-3:GGTGTCGCACAAGCTT	DC
2019-07-01-count-1:TCCATGCAGTCACTAC	Mono
2019-07-01-count-3:ATGGTTGAGTCCCGAC	Mono
2019-07-01-count-3:ACATCCCGTTCTCTCG	HSPC
2019-07-01-count-2:TTGATGGCATCAGTGT	Mono
2019-07-01-count-2:GTCTACCTCCCGTGAG	Mono
2019-07-01-count-1:CGGACACCATGGAGAC	Mono
2019-07-01-count-3:AACCTTTGTTGGGACA	Mono
2019-07-01-count-3:AACTTCTCACGGCACT	Mono
2019-07-01-count-2:TTACTGTTCTATGCCC	HSPC
2019-07-01-count-2:GTGGAAGAGATAGGGA	Mono
2019-07-01-count-2:CCTCATGTCAGGTAAA	Mono
2019-07-01-count-3:CTGTAGAAGAGTCTTC	Mono
2019-07-01-count-3:GCATCGGGTGGGCTCT	Mono
2019-07-01-count-2:TCGTCCATCATTGAGC	Mono
2019-07-01-count-3:CCTCATGTCGTAATGC	HSPC
2019-07-01-count-3:GAACGTTCACTTTATC	Mono
2019-07-01-count-1:CCTCTAGGTATCGAAA	Mono
2019-07-01-count-1:CAGCCAGAGTGCAACG	Mono
2019-07-01-count-1:TCATCATGTGTCTAAC	DC
2019-07-01-count-3:TCTCAGCCAAGCCCAC	DC
2019-07-01-count-2:ATACCGAGTTAGCGGA	Mono
2019-07-01-count-2:ACGATGTAGGCCCACT	Mono
2019-07-01-count-1:CAGCAGCTCACAACCA	Mono
2019-07-01-count-1:GTCGTAAAGCAACCAG	HSPC
2019-07-01-count-1:GTCCCATCATAAGATG	Mono
2019-07-01-count-3:CATCGCTGTATGCTTG	Gran
2019-07-01-count-3:GGGACTCAGAATCGAT	HSPC
2019-07-01-count-1:TAGACTGCACGTCATA	Mono
2019-07-01-count-2:CTGCCTAAGAATCGCG	Mono
2019-07-01-count-1:TAAGTCGGTGTTCCAA	Mono
2019-07-01-count-2:CGTGAATTCGATGCTA	Mono
2019-07-01-count-3:CAGTTCCAGAAGTCAT	HSPC
2019-07-01-count-1:CTCCTTTCAGCAGTAG	Mono
2019-07-01-count-3:GGGTGTCCATTGAAAG	Mono
2019-07-01-count-1:GTGGGAAAGACCTGGA	Mono
2019-07-01-count-2:TGGTAGTCACAAGTGG	Mono
2019-07-01-count-2:ACGTAGTTCTACCTTA	Mono
2019-07-01-count-3:AATTTCCCAAGCCATT	Mono
2019-07-01-count-1:GTTAGTGCAACACAGG	Mono
2019-07-01-count-2:ACCTGTCGTTACCTGA	Mono
2019-07-01-count-3:TCGCAGGGTACAGCGA	HSPC
2019-07-01-count-1:CAACGATGTAAGTTGA	Gran
2019-07-01-count-2:GAACTGTCAGCTTTCC	Mono
2019-07-01-count-3:AAAGTCCTCCGATAGT	HSPC
2019-07-01-count-3:CGGGCATAGCCGTCGT	Mono
2019-07-01-count-3:TCTTCCTCATCAGCAT	HSPC
2019-07-01-count-1:GCTTCACCAGAGGTAC	Mono
2019-07-01-count-1:CTGTGAATCTAGTGTG	Mono
2019-07-01-count-2:TTGGATGAGGTACCTT	Mono
2019-07-01-count-3:CCCTAACTCGGAATTC	HSPC
2019-07-01-count-2:GGTAGAGTCTTCCCGA	HSPC
2019-07-01-count-3:TGAGCATCATGCCATA	Mono
2019-07-01-count-3:ATGTCCCCAAGCTGTT	HSPC
2019-07-01-count-3:CTGTAGAAGGTCTGGA	Mono
2019-07-01-count-2:CCGATCTTCCACCTGT	Mono
2019-07-01-count-1:GCTGGGTCATGACAGG	Mono
2019-07-01-count-1:GTAGGTTTCCAGCCTT	Mono
2019-07-01-count-3:GAGTTACAGCGTCAGA	Gran
2019-07-01-count-1:AGCTACACATCTCAAG	Mono
2019-07-01-count-1:TCTCACGCACTCAGAT	Mono
2019-07-01-count-3:GTAACCACAGACAAAT	Mono
2019-07-01-count-1:TGCAGGCTCACTGGGC	HSPC
2019-07-01-count-3:TGAGCGCAGTACCGGA	Mono
2019-07-01-count-3:TCGTGCTTCTGACGCG	HSPC
2019-07-01-count-1:GGAGGATTCTTAAGGC	Mono
2019-07-01-count-1:TTATTGCCAGTGTACT	Mono
2019-07-01-count-3:TCAGTCCCAGTAACCT	HSPC
2019-07-01-count-3:TGTAACGCAGTAACGG	DC
2019-07-01-count-1:GAAGGACAGTTTGAGA	HSPC
2019-07-01-count-3:ATGGTTGCATTGTAGC	DC
2019-07-01-count-2:CGTCCATCAACTTCTT	Mono
2019-07-01-count-3:TGTCCACCAGCTTCGG	Mono
2019-07-01-count-3:ATACTTCCAGATACCT	DC
2019-07-01-count-1:GCATTAGTCGCTAATG	HSPC
2019-07-01-count-3:AAGCGTTAGAATGTTG	Mono
2019-07-01-count-1:CCTCTAGGTGAGACCA	Mono
2019-07-01-count-3:GATGTTGAGAGTAACT	DC
2019-07-01-count-1:TCACGCTAGCATACTC	Mono
2019-07-01-count-1:CTCAAGACAAACCATC	Mono
2019-07-01-count-1:GATTCTTAGATACCAA	Mono
2019-07-01-count-2:TGTGATGGTCCATCTC	Mono
2019-07-01-count-2:CACTTCGCAACGATTC	Mono
2019-07-01-count-2:ATTATCCTCTGCCCTA	B
2019-07-01-count-3:GTGTTCCGTGGTACAG	Gran
2019-07-01-count-2:TGTCCACGTTCTTGCC	Mono
2019-07-01-count-3:TGTTTGTTCGAGTGGA	Gran
2019-07-01-count-1:GATTCGAAGAAGTGTT	Mono
2019-07-01-count-2:TCCACCACAACTCCCT	Mono
2019-07-01-count-2:TCGACCTAGCGTGCTC	Mono
2019-07-01-count-3:AGAGCCCTCAGAGCAG	Mono
2019-07-01-count-1:CAACGGCAGCGATCGA	Mono
2019-07-01-count-3:GAGACCCCAGATTAAG	Mono
2019-07-01-count-1:GGTGTCGGTCGTGCCA	Mono
2019-07-01-count-2:TAAGTCGTCGTGGGTC	Mono
2019-07-01-count-1:TTTATGCGTATCGATC	HSPC
2019-07-01-count-1:GTTCGCTCAATTGAAG	Gran
2019-07-01-count-2:AGGATCTTCGCTCATC	B
2019-07-01-count-1:AATCGTGGTCGGCACT	Mono
2019-07-01-count-2:GATCCCTCAGATCCTA	Mono
2019-07-01-count-1:ACAGCCGAGCAGGCTA	Gran
2019-07-01-count-1:CCCATTGCAGTCCCGA	Mono
2019-07-01-count-2:CTACTATTCCATCAGA	HSPC
2019-07-01-count-2:ACTTATCGTAAGATAC	Gran
2019-07-01-count-1:CGTTGGGCAGATCATC	Mono
2019-07-01-count-3:TGCCGAGAGACGCCCT	HSPC
2019-07-01-count-2:GCAACCGAGCATATGA	Mono
2019-07-01-count-3:TCTGCCATCCAGTGTA	Mono
2019-07-01-count-2:TGATTTCCATTACGGT	Mono
2019-07-01-count-1:GTGTGATTCATGCATG	Mono
2019-07-01-count-1:AGTCTCCGTGATCGTT	Mono
2019-07-01-count-1:TACTTCATCCCTTCCC	Gran
2019-07-01-count-3:GTGAGGAAGGTTCCAT	Mono
2019-07-01-count-2:CTAACCCAGTACGTCT	Mono
2019-07-01-count-3:CATCGGGTCGCAGATT	Mono
2019-07-01-count-2:CGCATAAGTGACTCTA	Mono
2019-07-01-count-3:TCCAGAAAGATGGCAC	Mono
2019-07-01-count-3:GACGTTAGTTCAGTAC	Mono
2019-07-01-count-3:AGAGCCCTCGTGCACG	Mono
2019-07-01-count-1:GGCTTGGAGGGTAGCT	Mono
2019-07-01-count-3:TTTCAGTCAACCGATT	Mono
2019-07-01-count-1:ACCTGTCTCTTTGCGC	Mono
2019-07-01-count-1:AAACGAAGTATGAAAC	Mono
2019-07-01-count-2:GCTTCACGTATACGGG	Mono
2019-07-01-count-1:GATGCTATCCCAAGTA	DC
2019-07-01-count-3:TCCACCACATGACGTT	Mono
2019-07-01-count-2:GAGTGAGGTAACGTTC	Mono
2019-07-01-count-2:ACTTATCCAAACTCTG	Mono
2019-07-01-count-3:CTGTCGTAGGTAGTCG	Mono
2019-07-01-count-2:GGACGTCAGCAAGTCG	Mono
2019-07-01-count-3:ACCTGTCGTAGGACTG	HSPC
2019-07-01-count-1:CTCAGGGAGCGTCTGC	Mono
2019-07-01-count-3:CCTTCAGGTTGGGATG	Mono
2019-07-01-count-3:GCAGCTGAGCTGAAAT	Mono
2019-07-01-count-3:GTAGTACGTCTTCCGT	Mono
2019-07-01-count-3:TGGATGTTCGGTCGGT	Gran
2019-07-01-count-2:CTGGACGAGCGGTATG	Mono
2019-07-01-count-3:TGTACAGAGAGGTTAT	Mono
2019-07-01-count-3:CATACTTCAAGAGCTG	HSPC
2019-07-01-count-3:TTCTTGAGTCATTCCC	Mono
2019-07-01-count-2:CACATGAAGGCTTAAA	HSPC
2019-07-01-count-3:TCATATCTCCGCGGAT	Mono
2019-07-01-count-1:AGGTGTTTCTTGGGCG	HSPC
2019-07-01-count-2:AATGCCAGTTTGCAGT	Mono
