uniprot,protein_name,receptor
Q9NZS2,KLRF1_HUMAN,0
Q6ZMG9,CERS6_HUMAN,0
Q8N109,KIR2DL5A_HUMAN,0
P13688,CEACAM1_HUMAN,0
Q99712,KCNJ15_HUMAN,0
P07306,ASGR1_HUMAN,0
Q8WWQ8,STAB2_HUMAN,0
P01584,IL1B_HUMAN,0
P26992,CNTFR_HUMAN,0
Q9ULL4,PLXNB3_HUMAN,0
Q5QGZ9,CLEC12A_HUMAN,0
Q17R55,FAM187B_HUMAN,0
Q5BJH7,YIF1B_HUMAN,0
Q12879,GRIN2A_HUMAN,0
P98088,MUC5AC_HUMAN,0
O94910,ADGRL1_HUMAN,0
P47890,OR1G1_HUMAN,0
O95754,SEMA4F_HUMAN,0
P47901,AVPR1B_HUMAN,0
P42702,LIFR_HUMAN,0
Q12846,STX4_HUMAN,0
P43631,KIR2DS2_HUMAN,0
Q9HBW9,ADGRL4_HUMAN,0
P06126,CD1A_HUMAN,0
Q9Y279,VSIG4_HUMAN,0
Q92542,NCSTN_HUMAN,0
Q8NCW0,KREMEN2_HUMAN,0
Q8IU80,TMPRSS6_HUMAN,0
P01344,IGF2_HUMAN,0
Q9HCU4,CELSR2_HUMAN,0
P00533,EGFR_HUMAN,0
Q92752,TNR_HUMAN,0
Q13873,BMPR2_HUMAN,0
Q9Y3Q0,NAALAD2_HUMAN,0
Q8WWV6,FCAMR_HUMAN,0
Q9NZ08,ERAP1_HUMAN,0
P34820,BMP8B_HUMAN,0
P51684,CCR6_HUMAN,0
P17301,ITGA2_HUMAN,0
B6A8C7,TARM1_HUMAN,0
P11215,ITGAM_HUMAN,0
P30968,GNRHR_HUMAN,0
Q9BZ71,PITPNM3_HUMAN,0
O60896,RAMP3_HUMAN,0
Q14957,GRIN2C_HUMAN,0
Q8N6Q3,CD177_HUMAN,0
Q5TAT6,COL13A1_HUMAN,0
P41145,OPRK1_HUMAN,0
Q6UW60,PCSK4_HUMAN,0
Q86YW5,TREML1_HUMAN,0
Q5HYA8,TMEM67_HUMAN,0
P16234,PDGFRA_HUMAN,0
Q9Y5U5,TNFRSF18_HUMAN,0
Q9HAB3,SLC52A2_HUMAN,0
P25101,EDNRA_HUMAN,0
P30533,LRPAP1_HUMAN,0
O76036,NCR1_HUMAN,0
Q9UP38,FZD1_HUMAN,0
Q14162,SCARF1_HUMAN,0
Q13467,FZD5_HUMAN,0
P58166,INHBE_HUMAN,0
Q6UWB4,PRSS55_HUMAN,0
Q92859,NEO1_HUMAN,0
Q15223,NECTIN1_HUMAN,0
P25929,NPY1R_HUMAN,0
P56749,CLDN12_HUMAN,0
Q9NQS3,NECTIN3_HUMAN,0
O75019,LILRA1_HUMAN,0
Q8WXG9,ADGRV1_HUMAN,0
P19022,CDH2_HUMAN,0
P30532,CHRNA5_HUMAN,0
P09619,PDGFRB_HUMAN,0
P30550,GRPR_HUMAN,0
Q9UKJ8,ADAM21_HUMAN,0
O00222,GRM8_HUMAN,0
P08138,NGFR_HUMAN,0
Q86Y78,LYPD6_HUMAN,0
Q14524,SCN5A_HUMAN,0
P08922,ROS1_HUMAN,0
P05538,HLA-DQB2_HUMAN,0
Q9HCN3,PGAP6_HUMAN,0
Q96RI0,F2RL3_HUMAN,0
O43603,GALR2_HUMAN,0
P35052,GPC1_HUMAN,0
Q6NYC1,JMJD6_HUMAN,0
P13637,ATP1A3_HUMAN,0
O14763,TNFRSF10B_HUMAN,0
Q8N6P7,IL22RA1_HUMAN,0
Q969F2,NKD2_HUMAN,0
Q9UBV4,WNT16_HUMAN,0
Q14689,DIP2A_HUMAN,0
Q03431,PTH1R_HUMAN,0
O15374,SLC16A4_HUMAN,0
Q86UF1,TSPAN33_HUMAN,0
P0DP24,CALM2_HUMAN,0
O95406,CNIH1_HUMAN,0
Q5VY43,PEAR1_HUMAN,0
Q9ULV1,FZD4_HUMAN,0
Q07699,SCN1B_HUMAN,0
P10321,HLA-C_HUMAN,0
O75508,CLDN11_HUMAN,0
P54753,EPHB3_HUMAN,0
P15529,CD46_HUMAN,0
P08575,PTPRC_HUMAN,0
A6NI73,LILRA5_HUMAN,0
Q9ULK5,VANGL2_HUMAN,0
P15421,GYPE_HUMAN,0
P61160,ACTR2_HUMAN,0
P02461,COL3A1_HUMAN,0
Q9GZZ6,CHRNA10_HUMAN,0
P04628,WNT1_HUMAN,0
Q6UW88,EPGN_HUMAN,0
O95070,YIF1A_HUMAN,0
P32926,DSG3_HUMAN,0
Q9H6X2,ANTXR1_HUMAN,0
Q9BZM4,ULBP3_HUMAN,0
Q8NER1,TRPV1_HUMAN,0
Q7Z5Y6,BMP8A_HUMAN,0
Q96LC7,SIGLEC10_HUMAN,0
P49190,PTH2R_HUMAN,0
O75581,LRP6_HUMAN,0
P25189,MPZ_HUMAN,0
P36888,FLT3_HUMAN,0
O43914,TYROBP_HUMAN,0
Q8IUN9,CLEC10A_HUMAN,0
Q96QV1,HHIP_HUMAN,0
Q9NTN9,SEMA4G_HUMAN,0
Q5T9L3,WLS_HUMAN,0
Q6UWM7,LCTL_HUMAN,0
O95832,CLDN1_HUMAN,0
Q6ZVN8,HJV_HUMAN,0
O95136,S1PR2_HUMAN,0
Q15762,CD226_HUMAN,0
P13591,NCAM1_HUMAN,0
O00451,GFRA2_HUMAN,0
Q13705,ACVR2B_HUMAN,0
Q6UWB1,IL27RA_HUMAN,0
P14784,IL2RB_HUMAN,0
P41594,GRM5_HUMAN,0
Q01718,MC2R_HUMAN,0
O60635,TSPAN1_HUMAN,0
P43681,CHRNA4_HUMAN,0
P55103,INHBC_HUMAN,0
P48357,LEPR_HUMAN,0
Q9H1J5,WNT8A_HUMAN,0
Q92478,CLEC2B_HUMAN,0
Q96PL2,TECTB_HUMAN,0
P15260,IFNGR1_HUMAN,0
P27824,CANX_HUMAN,0
Q8TCP9,FAM200A_HUMAN,0
P41597,CCR2_HUMAN,0
Q969V1,MCHR2_HUMAN,0
P54756,EPHA5_HUMAN,0
Q8WZ75,ROBO4_HUMAN,0
O15399,GRIN2D_HUMAN,0
O75056,SDC3_HUMAN,0
Q8TCZ2,CD99L2_HUMAN,0
O95407,TNFRSF6B_HUMAN,0
P12931,SRC_HUMAN,0
Q8IZ57,NRSN1_HUMAN,0
P14416,DRD2_HUMAN,0
P51805,PLXNA3_HUMAN,0
P52961,ART1_HUMAN,0
Q07011,TNFRSF9_HUMAN,0
P17787,CHRNB2_HUMAN,0
Q04912,MST1R_HUMAN,0
Q9UKP6,UTS2R_HUMAN,0
P33151,CDH5_HUMAN,0
Q5VU97,CACHD1_HUMAN,0
Q9NP60,IL1RAPL2_HUMAN,0
P53708,ITGA8_HUMAN,0
P34969,HTR7_HUMAN,0
Q08ET2,SIGLEC14_HUMAN,0
Q6W5P4,NPSR1_HUMAN,0
P14151,SELL_HUMAN,0
Q8NBS3,SLC4A11_HUMAN,0
Q16572,SLC18A3_HUMAN,0
P01583,IL1A_HUMAN,0
Q6UY11,DLK2_HUMAN,0
Q4KMG0,CDON_HUMAN,0
O75882,ATRN_HUMAN,0
Q9HBX9,RXFP1_HUMAN,0
P29033,GJB2_HUMAN,0
Q9NPY3,CD93_HUMAN,0
P35372,OPRM1_HUMAN,0
O60669,SLC16A7_HUMAN,0
P48039,MTNR1A_HUMAN,0
Q8IVU1,IGDCC3_HUMAN,0
Q86VZ4,LRP11_HUMAN,0
Q9H0Q3,FXYD6_HUMAN,0
Q14114,LRP8_HUMAN,0
P54826,GAS1_HUMAN,0
Q04844,CHRNE_HUMAN,0
Q8TDU9,RXFP4_HUMAN,0
P46092,CCR10_HUMAN,0
P55287,CDH11_HUMAN,0
Q06418,TYRO3_HUMAN,0
Q8NI22,MCFD2_HUMAN,0
Q9UBG0,MRC2_HUMAN,0
P34810,CD68_HUMAN,0
Q8N7C0,LRRC52_HUMAN,0
P23458,JAK1_HUMAN,0
P08588,ADRB1_HUMAN,0
Q9ULB1,NRXN1_HUMAN,0
Q9Y6Q6,TNFRSF11A_HUMAN,0
Q07065,CKAP4_HUMAN,0
P18627,LAG3_HUMAN,0
Q5T2D2,TREML2_HUMAN,0
P12643,BMP2_HUMAN,0
O95484,CLDN9_HUMAN,0
P40198,CEACAM3_HUMAN,0
P24394,IL4R_HUMAN,0
Q16280,CNGA2_HUMAN,0
Q16832,DDR2_HUMAN,0
P11229,CHRM1_HUMAN,0
P22004,BMP6_HUMAN,0
Q6UXB1,IGFL3_HUMAN,0
P51828,ADCY7_HUMAN,0
P32247,BRS3_HUMAN,0
Q99467,CD180_HUMAN,0
P35968,KDR_HUMAN,0
Q9NP59,SLC40A1_HUMAN,0
P04201,MAS1_HUMAN,0
Q13507,TRPC3_HUMAN,0
Q96DD7,SHISA4_HUMAN,0
Q96BF3,TMIGD2_HUMAN,0
Q96H15,TIMD4_HUMAN,0
Q13797,ITGA9_HUMAN,0
Q86VH4,LRRTM4_HUMAN,0
P19397,CD53_HUMAN,0
P36894,BMPR1A_HUMAN,0
Q9H159,CDH19_HUMAN,0
Q9NT99,LRRC4B_HUMAN,0
Q02643,GHRHR_HUMAN,0
Q9UKJ0,PILRB_HUMAN,0
Q16653,MOG_HUMAN,0
Q9Y336,SIGLEC9_HUMAN,0
O60486,PLXNC1_HUMAN,0
Q9Y6N7,ROBO1_HUMAN,0
P20916,MAG_HUMAN,0
P06213,INSR_HUMAN,0
Q9BY67,CADM1_HUMAN,0
O94759,TRPM2_HUMAN,0
P56706,WNT7B_HUMAN,0
Q93038,TNFRSF25_HUMAN,0
Q07075,ENPEP_HUMAN,0
P11226,MBL2_HUMAN,0
Q6DN72,FCRL6_HUMAN,0
P50406,HTR6_HUMAN,0
O94779,CNTN5_HUMAN,0
Q08334,IL10RB_HUMAN,0
Q86SJ6,DSG4_HUMAN,0
P19235,EPOR_HUMAN,0
Q12918,KLRB1_HUMAN,0
Q7L5A8,FA2H_HUMAN,0
Q13255,GRM1_HUMAN,0
O00144,FZD9_HUMAN,0
Q9NQS5,GPR84_HUMAN,0
P42081,CD86_HUMAN,0
P52797,EFNA3_HUMAN,0
P23470,PTPRG_HUMAN,0
O00744,WNT10B_HUMAN,0
P46531,NOTCH1_HUMAN,0
P0DP25,CALM3_HUMAN,0
P25024,CXCR1_HUMAN,0
Q14332,FZD2_HUMAN,0
Q9Y639,NPTN_HUMAN,0
Q16581,C3AR1_HUMAN,0
Q86UN2,RTN4RL1_HUMAN,0
P50052,AGTR2_HUMAN,0
Q9HBX8,LGR6_HUMAN,0
Q8TDY8,IGDCC4_HUMAN,0
Q9NPG1,FZD3_HUMAN,0
Q9UMR7,CLEC4A_HUMAN,0
P08571,CD14_HUMAN,0
Q8TDV0,GPR151_HUMAN,0
Q08828,ADCY1_HUMAN,0
Q7Z6M3,MILR1_HUMAN,0
Q9UHC3,ASIC3_HUMAN,0
Q9P2B2,PTGFRN_HUMAN,0
O95185,UNC5C_HUMAN,0
Q14982,OPCML_HUMAN,0
P16671,CD36_HUMAN,0
P25092,GUCY2C_HUMAN,0
Q99466,NOTCH4_HUMAN,0
P54764,EPHA4_HUMAN,0
O15197,EPHB6_HUMAN,0
P08572,COL4A2_HUMAN,0
P08908,HTR1A_HUMAN,0
P56748,CLDN8_HUMAN,0
Q13291,SLAMF1_HUMAN,0
Q12913,PTPRJ_HUMAN,0
P56704,WNT3A_HUMAN,0
Q58EX2,SDK2_HUMAN,0
P19338,NCL_HUMAN,0
Q9P244,LRFN1_HUMAN,0
P13569,CFTR_HUMAN,0
O95977,S1PR4_HUMAN,0
Q99523,SORT1_HUMAN,0
Q8N131,TMEM123_HUMAN,0
P10747,CD28_HUMAN,0
P43626,KIR2DL1_HUMAN,0
Q9Y4C0,NRXN3_HUMAN,0
Q9H3N8,HRH4_HUMAN,0
P29017,CD1C_HUMAN,0
P19793,RXRA_HUMAN,0
P10966,CD8B_HUMAN,0
W5XKT8,SPACA6_HUMAN,0
O14672,ADAM10_HUMAN,0
O43525,KCNQ3_HUMAN,0
P16581,SELE_HUMAN,0
P21589,NT5E_HUMAN,0
P61073,CXCR4_HUMAN,0
P31997,CEACAM8_HUMAN,0
O95857,TSPAN13_HUMAN,0
Q8NC67,NETO2_HUMAN,0
Q5T6X5,GPRC6A_HUMAN,0
Q9Y625,GPC6_HUMAN,0
Q06481,APLP2_HUMAN,0
Q9P0L0,VAPA_HUMAN,0
P02786,TFRC_HUMAN,0
Q96G27,WBP1_HUMAN,0
P20138,CD33_HUMAN,0
Q8NFZ8,CADM4_HUMAN,0
Q01974,ROR2_HUMAN,0
P21579,SYT1_HUMAN,0
P55157,MTTP_HUMAN,0
Q9Y5F9,PCDHGB6_HUMAN,0
P35442,THBS2_HUMAN,0
Q6UX01,LMBR1L_HUMAN,0
P47872,SCTR_HUMAN,0
Q9HBE5,IL21R_HUMAN,0
Q8N6F1,CLDN19_HUMAN,0
Q05513,PRKCZ_HUMAN,0
P41143,OPRD1_HUMAN,0
O95994,AGR2_HUMAN,0
P34741,SDC2_HUMAN,0
P35590,TIE1_HUMAN,0
O95867,LY6G6C_HUMAN,0
P16410,CTLA4_HUMAN,0
P30874,SSTR2_HUMAN,0
P20273,CD22_HUMAN,0
A6NFU0,FAM187A_HUMAN,0
P30989,NTSR1_HUMAN,0
Q9UKR5,ERG28_HUMAN,0
Q9HCK4,ROBO2_HUMAN,0
Q01113,IL9R_HUMAN,0
P30518,AVPR2_HUMAN,0
P22681,CBL_HUMAN,0
Q6P2H8,TMEM53_HUMAN,0
Q9Y6I3,EPN1_HUMAN,0
Q96PD2,DCBLD2_HUMAN,0
Q92729,PTPRU_HUMAN,0
O15551,CLDN3_HUMAN,0
P26012,ITGB8_HUMAN,0
Q8IW00,VSTM4_HUMAN,0
Q92673,SORL1_HUMAN,0
Q13258,PTGDR_HUMAN,0
Q6KF10,GDF6_HUMAN,0
P34998,CRHR1_HUMAN,0
P25445,FAS_HUMAN,0
P29317,EPHA2_HUMAN,0
Q6UXK2,ISLR2_HUMAN,0
Q8IUK5,PLXDC1_HUMAN,0
P20333,TNFRSF1B_HUMAN,0
Q99677,LPAR4_HUMAN,0
Q8WWX8,SLC5A11_HUMAN,0
O00155,GPR25_HUMAN,0
P02708,CHRNA1_HUMAN,0
P02686,MBP_HUMAN,0
Q9UBB4,ATXN10_HUMAN,0
P78536,ADAM17_HUMAN,0
Q8IUI8,CRLF3_HUMAN,0
P46663,BDKRB1_HUMAN,0
O75473,LGR5_HUMAN,0
Q9HBL7,PLGRKT_HUMAN,0
Q6W4X9,MUC6_HUMAN,0
P02452,COL1A1_HUMAN,0
Q13444,ADAM15_HUMAN,0
Q9NQC3,RTN4_HUMAN,0
P28827,PTPRM_HUMAN,0
Q5DX21,IGSF11_HUMAN,0
Q8IVK1,GLYCAM1_HUMAN,0
Q9NRQ2,PLSCR4_HUMAN,0
Q9GZZ7,GFRA4_HUMAN,0
P78508,KCNJ10_HUMAN,0
P34925,RYK_HUMAN,0
Q96BY9,SARAF_HUMAN,0
P35916,FLT4_HUMAN,0
P21731,TBXA2R_HUMAN,0
Q9HAV5,EDA2R_HUMAN,0
Q9HBW1,LRRC4_HUMAN,0
Q8NI17,IL31RA_HUMAN,0
Q6Q8B3,CD200R1L_HUMAN,0
P32971,TNFSF8_HUMAN,0
P04156,PRNP_HUMAN,0
P26718,KLRK1_HUMAN,0
Q8IYV9,IZUMO1_HUMAN,0
Q6IA17,SIGIRR_HUMAN,0
P20023,CR2_HUMAN,0
Q6UXG3,CD300LG_HUMAN,0
O75955,FLOT1_HUMAN,0
P35499,SCN4A_HUMAN,0
Q6P1J6,PLB1_HUMAN,0
Q9UPM9,B9D1_HUMAN,0
P11717,IGF2R_HUMAN,0
P01833,PIGR_HUMAN,0
P30556,AGTR1_HUMAN,0
P07359,GP1BA_HUMAN,0
P20701,ITGAL_HUMAN,0
Q9ULB5,CDH7_HUMAN,0
Q9P2K1,CC2D2A_HUMAN,0
Q9NPB9,ACKR4_HUMAN,0
P37023,ACVRL1_HUMAN,0
P30939,HTR1F_HUMAN,0
O75015,FCGR3B_HUMAN,0
Q9UBH6,XPR1_HUMAN,0
Q96LA6,FCRL1_HUMAN,0
Q9BYF1,ACE2_HUMAN,0
P37288,AVPR1A_HUMAN,0
Q15761,NPY5R_HUMAN,0
O60883,GPR37L1_HUMAN,0
Q9GZQ4,NMUR2_HUMAN,0
Q15399,TLR1_HUMAN,0
Q13114,TRAF3_HUMAN,0
Q9Y5R2,MMP24_HUMAN,0
O15173,PGRMC2_HUMAN,0
Q93097,WNT2B_HUMAN,0
Q9NNX6,CD209_HUMAN,0
P14778,IL1R1_HUMAN,0
Q13478,IL18R1_HUMAN,0
P30411,BDKRB2_HUMAN,0
P43489,TNFRSF4_HUMAN,0
Q07954,LRP1_HUMAN,0
P10912,GHR_HUMAN,0
Q13224,GRIN2B_HUMAN,0
Q16625,OCLN_HUMAN,0
Q8IY26,PLPP6_HUMAN,0
Q02246,CNTN2_HUMAN,0
P43026,GDF5_HUMAN,0
Q9BYE9,CDHR2_HUMAN,0
Q96P65,QRFPR_HUMAN,0
Q9Y561,LRP12_HUMAN,0
P25103,TACR1_HUMAN,0
P16284,PECAM1_HUMAN,0
Q15116,PDCD1_HUMAN,0
P50391,NPY4R_HUMAN,0
Q6EMK4,VASN_HUMAN,0
Q6UXV0,GFRAL_HUMAN,0
P47898,HTR5A_HUMAN,0
P30953,OR1E1_HUMAN,0
P43119,PTGIR_HUMAN,0
O75578,ITGA10_HUMAN,0
Q9H2E6,SEMA6A_HUMAN,0
O95150,TNFSF15_HUMAN,0
Q96SN7,ORAI2_HUMAN,0
Q9UEF7,KL_HUMAN,0
Q02763,TEK_HUMAN,0
O14786,NRP1_HUMAN,0
P21554,CNR1_HUMAN,0
Q9NZV8,KCND2_HUMAN,0
P16471,PRLR_HUMAN,0
Q13639,HTR4_HUMAN,0
P08476,INHBA_HUMAN,0
O15354,GPR37_HUMAN,0
P24821,TNC_HUMAN,0
Q9Y5E2,PCDHB7_HUMAN,0
Q92633,LPAR1_HUMAN,0
P41595,HTR2B_HUMAN,0
Q96PE1,ADGRA2_HUMAN,0
Q5VWK5,IL23R_HUMAN,0
P30511,HLA-F_HUMAN,0
P35414,APLNR_HUMAN,0
P08913,ADRA2A_HUMAN,0
P08069,IGF1R_HUMAN,0
Q15822,CHRNA2_HUMAN,0
Q6PI73,LILRA6_HUMAN,0
P43115,PTGER3_HUMAN,0
P15941,MUC1_HUMAN,0
Q9H313,TTYH1_HUMAN,0
Q8N766,EMC1_HUMAN,0
P25106,ACKR3_HUMAN,0
Q13651,IL10RA_HUMAN,0
Q8NFR9,IL17RE_HUMAN,0
Q13277,STX3_HUMAN,0
P16109,SELP_HUMAN,0
Q13261,IL15RA_HUMAN,0
P56705,WNT4_HUMAN,0
Q2VPA4,CR1L_HUMAN,0
P09917,ALOX5_HUMAN,0
Q02846,GUCY2D_HUMAN,0
P16871,IL7R_HUMAN,0
Q8N474,SFRP1_HUMAN,0
Q16671,AMHR2_HUMAN,0
Q92854,SEMA4D_HUMAN,0
Q496F6,CD300E_HUMAN,0
Q9NSA2,KCND1_HUMAN,0
P01730,CD4_HUMAN,0
O14493,CLDN4_HUMAN,0
P51679,CCR4_HUMAN,0
Q15391,P2RY14_HUMAN,0
P78333,GPC5_HUMAN,0
O00481,BTN3A1_HUMAN,0
Q01955,COL4A3_HUMAN,0
Q9BY79,MFRP_HUMAN,0
Q8NFP4,MDGA1_HUMAN,0
P55899,FCGRT_HUMAN,0
Q5ZPR3,CD276_HUMAN,0
P15311,EZR_HUMAN,0
P12318,FCGR2A_HUMAN,0
P07949,RET_HUMAN,0
P11230,CHRNB1_HUMAN,0
Q8NHJ6,LILRB4_HUMAN,0
Q14956,GPNMB_HUMAN,0
Q9Y2C9,TLR6_HUMAN,0
P21926,CD9_HUMAN,0
Q9Y5G6,PCDHGA7_HUMAN,0
P48050,KCNJ4_HUMAN,0
Q7L1I2,SV2B_HUMAN,0
P15391,CD19_HUMAN,0
P32970,CD70_HUMAN,0
O14939,PLD2_HUMAN,0
P07333,CSF1R_HUMAN,0
Q14954,KIR2DS1_HUMAN,0
P17948,FLT1_HUMAN,0
P98164,LRP2_HUMAN,0
Q9Y2T6,GPR55_HUMAN,0
P30559,OXTR_HUMAN,0
O95477,ABCA1_HUMAN,0
P08195,SLC3A2_HUMAN,0
Q13158,FADD_HUMAN,0
Q6ZMC9,SIGLEC15_HUMAN,0
Q96FV3,TSPAN17_HUMAN,0
P10721,KIT_HUMAN,0
O14626,GPR171_HUMAN,0
Q9BX79,STRA6_HUMAN,0
P10275,AR_HUMAN,0
Q6UXZ4,UNC5D_HUMAN,0
P30542,ADORA1_HUMAN,0
Q9H461,FZD8_HUMAN,0
Q9Y5N1,HRH3_HUMAN,0
P25116,F2R_HUMAN,0
Q86SJ2,AMIGO2_HUMAN,0
P05112,IL4_HUMAN,0
P43630,KIR3DL2_HUMAN,0
P35408,PTGER4_HUMAN,0
Q9NZH0,GPRC5B_HUMAN,0
P78410,BTN3A2_HUMAN,0
Q8TDQ0,HAVCR2_HUMAN,0
Q9HCJ2,LRRC4C_HUMAN,0
Q6ZN44,UNC5A_HUMAN,0
Q9NSD7,RXFP3_HUMAN,0
O95256,IL18RAP_HUMAN,0
Q96D42,HAVCR1_HUMAN,0
Q9BWV1,BOC_HUMAN,0
Q8TBQ9,TMEM167A_HUMAN,0
Q5SQ64,LY6G6F_HUMAN,0
Q9BZW8,CD244_HUMAN,0
P40200,CD96_HUMAN,0
P98172,EFNB1_HUMAN,0
Q7Z692,CEACAM19_HUMAN,0
O43613,HCRTR1_HUMAN,0
Q92896,GLG1_HUMAN,0
O60565,GREM1_HUMAN,0
Q12933,TRAF2_HUMAN,0
Q8N387,MUC15_HUMAN,0
P22607,FGFR3_HUMAN,0
P27701,CD82_HUMAN,0
Q8N126,CADM3_HUMAN,0
P24071,FCAR_HUMAN,0
P29400,COL4A5_HUMAN,0
P43220,GLP1R_HUMAN,0
Q14832,GRM3_HUMAN,0
P32238,CCKAR_HUMAN,0
P17813,ENG_HUMAN,0
O15078,CEP290_HUMAN,0
Q29983,MICA_HUMAN,0
P08962,CD63_HUMAN,0
P48960,ADGRE5_HUMAN,0
P0DMS8,ADORA3_HUMAN,0
Q8N307,MUC20_HUMAN,0
O95980,RECK_HUMAN,0
P29274,ADORA2A_HUMAN,0
P40197,GP5_HUMAN,0
Q9BY14,TEX101_HUMAN,0
Q8N6C8,LILRA3_HUMAN,0
Q9HB29,IL1RL2_HUMAN,0
P51681,CCR5_HUMAN,0
P23471,PTPRZ1_HUMAN,0
Q07157,TJP1_HUMAN,0
P16615,ATP2A2_HUMAN,0
Q5KU26,COLEC12_HUMAN,0
Q9UHF4,IL20RA_HUMAN,0
P29320,EPHA3_HUMAN,0
P08865,RPSA_HUMAN,0
Q9UM73,ALK_HUMAN,0
Q9NPB6,PARD6A_HUMAN,0
P01911,HLA-DRB1_HUMAN,0
Q6PJF5,RHBDF2_HUMAN,0
P05107,ITGB2_HUMAN,0
O15554,KCNN4_HUMAN,0
Q8N441,FGFRL1_HUMAN,0
Q9Y3A6,TMED5_HUMAN,0
Q8NCS7,SLC44A5_HUMAN,0
Q15628,TRADD_HUMAN,0
Q14118,DAG1_HUMAN,0
P40189,IL6ST_HUMAN,0
P48546,GIPR_HUMAN,0
Q13477,MADCAM1_HUMAN,0
P08582,MELTF_HUMAN,0
Q8IYB5,SMAP1_HUMAN,0
P13945,ADRB3_HUMAN,0
Q13546,RIPK1_HUMAN,0
Q02094,RHAG_HUMAN,0
P13473,LAMP2_HUMAN,0
P05106,ITGB3_HUMAN,0
O15455,TLR3_HUMAN,0
Q96A28,SLAMF9_HUMAN,0
O43300,LRRTM2_HUMAN,0
P78357,CNTNAP1_HUMAN,0
P49146,NPY2R_HUMAN,0
P33032,MC5R_HUMAN,0
Q13326,SGCG_HUMAN,0
P21802,FGFR2_HUMAN,0
P16144,ITGB4_HUMAN,0
P02675,FGB_HUMAN,0
Q71H61,ILDR2_HUMAN,0
P43121,MCAM_HUMAN,0
P47871,GCGR_HUMAN,0
Q9H1D0,TRPV6_HUMAN,0
P21453,S1PR1_HUMAN,0
Q9Y6Y9,LY96_HUMAN,0
P61812,TGFB2_HUMAN,0
Q01064,PDE1B_HUMAN,0
Q96PQ1,SIGLEC12_HUMAN,0
P09529,INHBB_HUMAN,0
Q16827,PTPRO_HUMAN,0
Q30201,HFE_HUMAN,0
P78324,SIRPA_HUMAN,0
Q6UX15,LAYN_HUMAN,0
Q6PHW0,IYD_HUMAN,0
Q15303,ERBB4_HUMAN,0
Q9Y5Y9,SCN10A_HUMAN,0
P49286,MTNR1B_HUMAN,0
O95502,NPTXR_HUMAN,0
Q9UM47,NOTCH3_HUMAN,0
Q13520,AQP6_HUMAN,0
P11049,CD37_HUMAN,0
Q8IZU9,KIRREL3_HUMAN,0
Q96J84,KIRREL1_HUMAN,0
O15146,MUSK_HUMAN,0
P06731,CEACAM5_HUMAN,0
Q99972,MYOC_HUMAN,0
Q01726,MC1R_HUMAN,0
Q96S42,NODAL_HUMAN,0
Q9UKV5,AMFR_HUMAN,0
O14905,WNT9B_HUMAN,0
Q99835,SMO_HUMAN,0
O60241,ADGRB2_HUMAN,0
P07996,THBS1_HUMAN,0
Q8IZA0,KIAA0319L_HUMAN,0
Q9UKJ1,PILRA_HUMAN,0
Q86VR7,VSIG10L_HUMAN,0
O14904,WNT9A_HUMAN,0
Q99678,GPR20_HUMAN,0
Q9H7M9,VSIR_HUMAN,0
P04440,HLA-DPB1_HUMAN,0
Q8TCW9,PROKR1_HUMAN,0
P06729,CD2_HUMAN,0
P02458,COL2A1_HUMAN,0
Q99706,KIR2DL4_HUMAN,0
O95859,TSPAN12_HUMAN,0
Q7L0J3,SV2A_HUMAN,0
Q14123,PDE1C_HUMAN,0
P78380,OLR1_HUMAN,0
Q16538,GPR162_HUMAN,0
O14522,PTPRT_HUMAN,0
Q9ULH0,KIDINS220_HUMAN,0
Q969J5,IL22RA2_HUMAN,0
Q9HC97,GPR35_HUMAN,0
P33681,CD80_HUMAN,0
Q99665,IL12RB2_HUMAN,0
P20036,HLA-DPA1_HUMAN,0
O95972,BMP15_HUMAN,0
P0DP23,CALM1_HUMAN,0
Q14242,SELPLG_HUMAN,0
P07355,ANXA2_HUMAN,0
Q9H237,PORCN_HUMAN,0
Q96EY1,DNAJA3_HUMAN,0
Q8N743,KIR3DL3_HUMAN,0
Q9H3W5,LRRN3_HUMAN,0
P30203,CD6_HUMAN,0
Q6V0I7,FAT4_HUMAN,0
P55064,AQP5_HUMAN,0
Q03135,CAV1_HUMAN,0
Q9H244,P2RY12_HUMAN,0
P18564,ITGB6_HUMAN,0
P04626,ERBB2_HUMAN,0
Q9ULH4,LRFN2_HUMAN,0
Q9NZU1,FLRT1_HUMAN,0
O95944,NCR2_HUMAN,0
Q9NR23,GDF3_HUMAN,0
P57739,CLDN2_HUMAN,0
O00300,TNFRSF11B_HUMAN,0
Q9NZC2,TREM2_HUMAN,0
P09693,CD3G_HUMAN,0
P41217,CD200_HUMAN,0
P32004,L1CAM_HUMAN,0
Q8NEC5,CATSPER1_HUMAN,0
Q8TD46,CD200R1_HUMAN,0
Q14952,KIR2DS3_HUMAN,0
O43614,HCRTR2_HUMAN,0
Q05940,SLC18A2_HUMAN,0
P29275,ADORA2B_HUMAN,0
Q86VH5,LRRTM3_HUMAN,0
Q9BZR6,RTN4R_HUMAN,0
Q86UN3,RTN4RL2_HUMAN,0
O00533,CHL1_HUMAN,0
P48146,NPBWR2_HUMAN,0
O15394,NCAM2_HUMAN,0
P23468,PTPRD_HUMAN,0
Q8NAC3,IL17RC_HUMAN,0
A8K4G0,CD300LB_HUMAN,0
Q2HXU8,CLEC12B_HUMAN,0
Q92692,NECTIN2_HUMAN,0
Q01344,IL5RA_HUMAN,0
Q92847,GHSR_HUMAN,0
P34972,CNR2_HUMAN,0
P20963,CD247_HUMAN,0
Q9H772,GREM2_HUMAN,0
O95998,IL18BP_HUMAN,0
P09326,CD48_HUMAN,0
P04217,A1BG_HUMAN,0
Q9UKX5,ITGA11_HUMAN,0
Q13936,CACNA1C_HUMAN,0
Q6NW40,RGMB_HUMAN,0
Q9HB89,NMUR1_HUMAN,0
P78562,PHEX_HUMAN,0
P42701,IL12RB1_HUMAN,0
Q96AP7,ESAM_HUMAN,0
P30301,MIP_HUMAN,0
P29460,IL12B_HUMAN,0
Q9GZQ6,NPFFR1_HUMAN,0
P03956,MMP1_HUMAN,0
Q02223,TNFRSF17_HUMAN,0
P49238,CX3CR1_HUMAN,0
Q15109,AGER_HUMAN,0
Q8NER5,ACVR1C_HUMAN,0
Q9HCM2,PLXNA4_HUMAN,0
Q13393,PLD1_HUMAN,0
P20309,CHRM3_HUMAN,0
P21917,DRD4_HUMAN,0
Q9UMD9,COL17A1_HUMAN,0
P32239,CCKBR_HUMAN,0
P51841,GUCY2F_HUMAN,0
P28908,TNFRSF8_HUMAN,0
Q8N967,LRTM2_HUMAN,0
Q9NP99,TREM1_HUMAN,0
P18075,BMP7_HUMAN,0
Q9UPU3,SORCS3_HUMAN,0
P40199,CEACAM6_HUMAN,0
A6NJW9,CD8B2_HUMAN,0
Q12860,CNTN1_HUMAN,0
P18433,PTPRA_HUMAN,0
Q9Y286,SIGLEC7_HUMAN,0
O60894,RAMP1_HUMAN,0
P37173,TGFBR2_HUMAN,0
P56159,GFRA1_HUMAN,0
Q9NS68,TNFRSF19_HUMAN,0
P04085,PDGFA_HUMAN,0
P28222,HTR1B_HUMAN,0
P40238,MPL_HUMAN,0
Q02413,DSG1_HUMAN,0
P02751,FN1_HUMAN,0
O75074,LRP3_HUMAN,0
Q9Y6C5,PTCH2_HUMAN,0
Q9UBN6,TNFRSF10D_HUMAN,0
Q9H2X3,CLEC4M_HUMAN,0
Q96MS0,ROBO3_HUMAN,0
P21817,RYR1_HUMAN,0
P28336,NMBR_HUMAN,0
Q15375,EPHA7_HUMAN,0
Q3KPI0,CEACAM21_HUMAN,0
Q9HCF6,TRPM3_HUMAN,0
Q86X29,LSR_HUMAN,0
Q6UWV2,MPZL3_HUMAN,0
Q9P0K1,ADAM22_HUMAN,0
Q8TAA9,VANGL1_HUMAN,0
P22003,BMP5_HUMAN,0
O43157,PLXNB1_HUMAN,0
Q96LA9,MRGPRX4_HUMAN,0
Q9UHX3,ADGRE2_HUMAN,0
P48551,IFNAR2_HUMAN,0
P50895,BCAM_HUMAN,0
P20702,ITGAX_HUMAN,0
Q8NFJ6,PROKR2_HUMAN,0
P19438,TNFRSF1A_HUMAN,0
P20594,NPR2_HUMAN,0
Q8N149,LILRA2_HUMAN,0
P61978,HNRNPK_HUMAN,0
Q9UQD0,SCN8A_HUMAN,0
Q9BX97,PLVAP_HUMAN,0
Q96LB1,MRGPRX2_HUMAN,0
Q9NYQ7,CELSR3_HUMAN,0
P43632,KIR2DS4_HUMAN,0
O60755,GALR3_HUMAN,0
O60609,GFRA3_HUMAN,0
P36021,SLC16A2_HUMAN,0
Q8TEW0,PARD3_HUMAN,0
P51686,CCR9_HUMAN,0
Q8IZF4,ADGRG5_HUMAN,0
P06733,ENO1_HUMAN,0
Q9UHC6,CNTNAP2_HUMAN,0
Q86YT9,JAML_HUMAN,0
Q6Q4G3,LVRN_HUMAN,0
Q9Y6N8,CDH10_HUMAN,0
P43146,DCC_HUMAN,0
Q9BZZ2,SIGLEC1_HUMAN,0
P09564,CD7_HUMAN,0
P43628,KIR2DL3_HUMAN,0
Q2VWP7,PRTG_HUMAN,0
P02671,FGA_HUMAN,0
P05556,ITGB1_HUMAN,0
Q16288,NTRK3_HUMAN,0
P43116,PTGER2_HUMAN,0
Q9H228,S1PR5_HUMAN,0
O43561,LAT_HUMAN,0
P11362,FGFR1_HUMAN,0
P49683,PRLHR_HUMAN,0
O00264,PGRMC1_HUMAN,0
Q7Z6A9,BTLA_HUMAN,0
Q96ID5,IGSF21_HUMAN,0
P05067,APP_HUMAN,0
O95866,MPIG6B_HUMAN,0
O75462,CRLF1_HUMAN,0
P54762,EPHB1_HUMAN,0
Q14002,CEACAM7_HUMAN,0
P11168,SLC2A2_HUMAN,0
Q495A1,TIGIT_HUMAN,0
Q8N3J6,CADM2_HUMAN,0
Q8J025,APCDD1_HUMAN,0
Q6GTX8,LAIR1_HUMAN,0
Q3KNT9,TMEM95_HUMAN,0
Q9Y5X5,NPFFR2_HUMAN,0
P26951,IL3RA_HUMAN,0
P28223,HTR2A_HUMAN,0
P56747,CLDN6_HUMAN,0
Q99650,OSMR_HUMAN,0
P78552,IL13RA1_HUMAN,0
P11279,LAMP1_HUMAN,0
P51787,KCNQ1_HUMAN,0
P32302,CXCR5_HUMAN,0
P0DPA2,VSIG8_HUMAN,0
O15218,GPR182_HUMAN,0
O75121,MFAP3L_HUMAN,0
Q6P7N7,TMEM81_HUMAN,0
Q9NRA1,PDGFC_HUMAN,0
P10600,TGFB3_HUMAN,0
Q9UBU3,GHRL_HUMAN,0
O00254,F2RL2_HUMAN,0
Q99788,CMKLR1_HUMAN,0
O60939,SCN2B_HUMAN,0
P26842,CD27_HUMAN,0
Q9H0R3,TMEM222_HUMAN,0
Q13683,ITGA7_HUMAN,0
O00574,CXCR6_HUMAN,0
P32241,VIPR1_HUMAN,0
P16473,TSHR_HUMAN,0
P51677,CCR3_HUMAN,0
P27487,DPP4_HUMAN,0
P35462,DRD3_HUMAN,0
O75899,GABBR2_HUMAN,0
P0CG37,CFC1_HUMAN,0
Q6UVK1,CSPG4_HUMAN,0
O60603,TLR2_HUMAN,0
P22455,FGFR4_HUMAN,0
Q7Z3B1,NEGR1_HUMAN,0
Q15758,SLC1A5_HUMAN,0
Q24JP5,TMEM132A_HUMAN,0
Q9H5Y7,SLITRK6_HUMAN,0
O75509,TNFRSF21_HUMAN,0
O00220,TNFRSF10A_HUMAN,0
Q96F46,IL17RA_HUMAN,0
P14770,GP9_HUMAN,0
O95297,MPZL1_HUMAN,0
Q9UBK5,HCST_HUMAN,0
Q9Y6F9,WNT6_HUMAN,0
Q16620,NTRK2_HUMAN,0
Q8TDT2,GPR152_HUMAN,0
P35212,GJA4_HUMAN,0
P29972,AQP1_HUMAN,0
Q9NPF0,CD320_HUMAN,0
Q01973,ROR1_HUMAN,0
Q14126,DSG2_HUMAN,0
P43627,KIR2DL2_HUMAN,0
O60674,JAK2_HUMAN,0
P32246,CCR1_HUMAN,0
Q99463,NPY6R_HUMAN,0
Q6UXG8,BTNL9_HUMAN,0
O60487,MPZL2_HUMAN,0
P63244,RACK1_HUMAN,0
O95665,NTSR2_HUMAN,0
Q96LB2,MRGPRX1_HUMAN,0
P25021,HRH2_HUMAN,0
A4D1S0,KLRG2_HUMAN,0
P31391,SSTR4_HUMAN,0
P30872,SSTR1_HUMAN,0
Q9NP84,TNFRSF12A_HUMAN,0
Q13332,PTPRS_HUMAN,0
Q9H1R3,MYLK2_HUMAN,0
Q86TY3,ARMH4_HUMAN,0
Q04721,NOTCH2_HUMAN,0
P32248,CCR7_HUMAN,0
Q9UEW3,MARCO_HUMAN,0
P21462,FPR1_HUMAN,0
Q9P126,CLEC1B_HUMAN,0
Q9Y624,F11R_HUMAN,0
Q9NQA5,TRPV5_HUMAN,0
Q8IW52,SLITRK4_HUMAN,0
Q9UL62,TRPC5_HUMAN,0
O75330,HMMR_HUMAN,0
P36897,TGFBR1_HUMAN,0
Q9GZP0,PDGFD_HUMAN,0
P36941,LTBR_HUMAN,0
P32297,CHRNA3_HUMAN,0
O75787,ATP6AP2_HUMAN,0
P36544,CHRNA7_HUMAN,0
Q9NYQ6,CELSR1_HUMAN,0
P11912,CD79A_HUMAN,0
P05362,ICAM1_HUMAN,0
Q14833,GRM4_HUMAN,0
P29376,LTK_HUMAN,0
Q15256,PTPRR_HUMAN,0
Q9Y5Y6,ST14_HUMAN,0
P02746,C1QB_HUMAN,0
Q9H3S1,SEMA4A_HUMAN,0
Q9NPH3,IL1RAP_HUMAN,0
P53985,SLC16A1_HUMAN,0
Q8TDQ1,CD300LF_HUMAN,0
Q9NYK1,TLR7_HUMAN,0
Q14943,KIR3DS1_HUMAN,0
P26715,KLRC1_HUMAN,0
Q8WVV5,BTN2A2_HUMAN,0
Q03167,TGFBR3_HUMAN,0
Q8WWA0,ITLN1_HUMAN,0
P51693,APLP1_HUMAN,0
P41586,ADCYAP1R1_HUMAN,0
P03372,ESR1_HUMAN,0
Q9Y6W8,ICOS_HUMAN,0
Q9P1W8,SIRPG_HUMAN,0
O60291,MGRN1_HUMAN,0
P23276,KEL_HUMAN,0
P02462,COL4A1_HUMAN,0
O75197,LRP5_HUMAN,0
O75078,ADAM11_HUMAN,0
P54760,EPHB4_HUMAN,0
Q8IYS5,OSCAR_HUMAN,0
P10586,PTPRF_HUMAN,0
P04233,CD74_HUMAN,0
O43184,ADAM12_HUMAN,0
Q96P66,GPR101_HUMAN,0
P15151,PVR_HUMAN,0
O43193,MLNR_HUMAN,0
Q86UK5,EVC2_HUMAN,0
P29371,TACR3_HUMAN,0
O60895,RAMP2_HUMAN,0
Q99500,S1PR3_HUMAN,0
Q9UNN8,PROCR_HUMAN,0
P01127,PDGFB_HUMAN,0
Q6NUS6,TCTN3_HUMAN,0
P12314,FCGR1A_HUMAN,0
P05026,ATP1B1_HUMAN,0
O95800,GPR75_HUMAN,0
O95471,CLDN7_HUMAN,0
P51685,CCR8_HUMAN,0
P32245,MC4R_HUMAN,0
Q9Y5I7,CLDN16_HUMAN,0
Q6ZMJ2,SCARA5_HUMAN,0
O75077,ADAM23_HUMAN,0
Q86Z14,KLB_HUMAN,0
Q9HBG7,LY9_HUMAN,0
P0C7U0,ELFN1_HUMAN,0
O75923,DYSF_HUMAN,0
P41180,CASR_HUMAN,0
Q86XT9,TMEM219_HUMAN,0
P21854,CD72_HUMAN,0
Q9UGM1,CHRNA9_HUMAN,0
Q9NRM6,IL17RB_HUMAN,0
P07307,ASGR2_HUMAN,0
Q08708,CD300C_HUMAN,0
Q9H665,IGFLR1_HUMAN,0
P23945,FSHR_HUMAN,0
Q9HC73,CRLF2_HUMAN,0
Q9UNE0,EDAR_HUMAN,0
Q9H1Z9,TSPAN10_HUMAN,0
Q9BX67,JAM3_HUMAN,0
Q96PQ0,SORCS2_HUMAN,0
Q14626,IL11RA_HUMAN,0
Q9UPZ6,THSD7A_HUMAN,0
P01137,TGFB1_HUMAN,0
Q86UR5,RIMS1_HUMAN,0
P06756,ITGAV_HUMAN,0
Q07444,KLRC3_HUMAN,0
Q8N423,LILRB2_HUMAN,0
Q9HCN6,GP6_HUMAN,0
P56199,ITGA1_HUMAN,0
P02788,LTF_HUMAN,0
O75023,LILRB5_HUMAN,0
P98155,VLDLR_HUMAN,0
Q92736,RYR2_HUMAN,0
P49682,CXCR3_HUMAN,0
P24530,EDNRB_HUMAN,0
P52799,EFNB2_HUMAN,0
Q15077,P2RY6_HUMAN,0
P25089,FPR3_HUMAN,0
Q16602,CALCRL_HUMAN,0
Q96JT2,SLC45A3_HUMAN,0
P19320,VCAM1_HUMAN,0
P27348,YWHAQ_HUMAN,0
P60033,CD81_HUMAN,0
O60503,ADCY9_HUMAN,0
Q96CG8,CTHRC1_HUMAN,0
Q9UF33,EPHA6_HUMAN,0
P17181,IFNAR1_HUMAN,0
Q8IV16,GPIHBP1_HUMAN,0
P16422,EPCAM_HUMAN,0
Q14953,KIR2DS5_HUMAN,0
P07550,ADRB2_HUMAN,0
P12644,BMP4_HUMAN,0
O00755,WNT7A_HUMAN,0
P01130,LDLR_HUMAN,0
O75443,TECTA_HUMAN,0
P13224,GP1BB_HUMAN,0
Q01650,SLC7A5_HUMAN,0
Q9GZT5,WNT10A_HUMAN,0
O15162,PLSCR1_HUMAN,0
Q05901,CHRNB3_HUMAN,0
P25090,FPR2_HUMAN,0
Q9NR82,KCNQ5_HUMAN,0
Q9C0C4,SEMA4C_HUMAN,0
Q13145,BAMBI_HUMAN,0
P29323,EPHB2_HUMAN,0
O43699,SIGLEC6_HUMAN,0
Q01638,IL1RL1_HUMAN,0
P16066,NPR1_HUMAN,0
Q16623,STX1A_HUMAN,0
Q9UHP7,CLEC2D_HUMAN,0
O43194,GPR39_HUMAN,0
O00478,BTN3A3_HUMAN,0
P16112,ACAN_HUMAN,0
Q9UBS5,GABBR1_HUMAN,0
Q9NX61,TMEM161A_HUMAN,0
P12319,FCER1A_HUMAN,0
P35367,HRH1_HUMAN,0
Q9ULW2,FZD10_HUMAN,0
P28221,HTR1D_HUMAN,0
P15509,CSF2RA_HUMAN,0
Q08722,CD47_HUMAN,0
Q9Y653,ADGRG1_HUMAN,0
O75096,LRP4_HUMAN,0
Q9NQ36,SCUBE2_HUMAN,0
Q8IZF2,ADGRF5_HUMAN,0
P35346,SSTR5_HUMAN,0
Q96A54,ADIPOR1_HUMAN,0
Q6UXH8,CCBE1_HUMAN,0
P26010,ITGB7_HUMAN,0
Q9NYM4,GPR83_HUMAN,0
P21730,C5AR1_HUMAN,0
O75051,PLXNA2_HUMAN,0
A6NDA9,LRIT2_HUMAN,0
P0DMS9,TMIGD3_HUMAN,0
Q9HBW0,LPAR2_HUMAN,0
Q9NZT2,OGFR_HUMAN,0
P48509,CD151_HUMAN,0
Q14831,GRM7_HUMAN,0
Q13241,KLRD1_HUMAN,0
Q9UPX0,IGSF9B_HUMAN,0
Q96PJ5,FCRL4_HUMAN,0
Q9C098,DCLK3_HUMAN,0
O15031,PLXNB2_HUMAN,0
O14931,NCR3_HUMAN,0
Q695T7,SLC6A19_HUMAN,0
P29322,EPHA8_HUMAN,0
P13385,TDGF1_HUMAN,0
P06239,LCK_HUMAN,0
P46094,XCR1_HUMAN,0
P16150,SPN_HUMAN,0
P18827,SDC1_HUMAN,0
D3W0D1,KLRF2_HUMAN,0
Q96MU8,KREMEN1_HUMAN,0
Q96FE5,LINGO1_HUMAN,0
P08123,COL1A2_HUMAN,0
P13611,VCAN_HUMAN,0
P31431,SDC4_HUMAN,0
P56703,WNT3_HUMAN,0
Q14031,COL4A6_HUMAN,0
P21860,ERBB3_HUMAN,0
Q13018,PLA2R1_HUMAN,0
P26006,ITGA3_HUMAN,0
Q96NY8,NECTIN4_HUMAN,0
P18084,ITGB5_HUMAN,0
P17927,CR1_HUMAN,0
P27539,GDF1_HUMAN,0
P0CG36,CFC1B_HUMAN,0
Q9NZN1,IL1RAPL1_HUMAN,0
O00238,BMPR1B_HUMAN,0
O15552,FFAR2_HUMAN,0
Q96RJ3,TNFRSF13C_HUMAN,0
P59901,LILRA4_HUMAN,0
P26038,MSN_HUMAN,0
P30988,CALCR_HUMAN,0
O14836,TNFRSF13B_HUMAN,0
O00501,CLDN5_HUMAN,0
Q9NYZ4,SIGLEC8_HUMAN,0
Q969P0,IGSF8_HUMAN,0
P27037,ACVR2A_HUMAN,0
Q9Y2I2,NTNG1_HUMAN,0
Q9NX52,RHBDL2_HUMAN,0
Q9NXB0,MKS1_HUMAN,0
Q6UX41,BTNL8_HUMAN,0
Q9Y4D7,PLXND1_HUMAN,0
Q68DV7,RNF43_HUMAN,0
O75594,PGLYRP1_HUMAN,0
O60462,NRP2_HUMAN,0
P54750,PDE1A_HUMAN,0
Q16570,ACKR1_HUMAN,0
Q9NY15,STAB1_HUMAN,0
O95838,GLP2R_HUMAN,0
Q07021,C1QBP_HUMAN,0
Q07108,CD69_HUMAN,0
Q15262,PTPRK_HUMAN,0
P27930,IL1R2_HUMAN,0
O95727,CRTAM_HUMAN,0
P04899,GNAI2_HUMAN,0
P26717,KLRC2_HUMAN,0
O60469,DSCAM_HUMAN,0
P01189,POMC_HUMAN,0
Q7Z4F1,LRP10_HUMAN,0
Q15760,GPR19_HUMAN,0
Q13635,PTCH1_HUMAN,0
Q8TCY5,MRAP_HUMAN,0
O95490,ADGRL2_HUMAN,0
P25025,CXCR2_HUMAN,0
Q7Z4P5,GDF7_HUMAN,0
Q12866,MERTK_HUMAN,0
P57057,SLC37A1_HUMAN,0
Q08345,DDR1_HUMAN,0
P13164,IFITM1_HUMAN,0
P29016,CD1B_HUMAN,0
Q9BQ51,PDCD1LG2_HUMAN,0
Q93052,LPP_HUMAN,0
Q9P2U7,SLC17A7_HUMAN,0
Q00994,BEX3_HUMAN,0
Q9H158,PCDHAC1_HUMAN,0
P32745,SSTR3_HUMAN,0
P02679,FGG_HUMAN,0
P25942,CD40_HUMAN,0
Q8IZ08,GPR135_HUMAN,0
P41968,MC3R_HUMAN,0
O00421,CCRL2_HUMAN,0
Q86Y34,ADGRG3_HUMAN,0
O95858,TSPAN15_HUMAN,0
P55285,CDH6_HUMAN,0
Q8WTV0,SCARB1_HUMAN,0
P23229,ITGA6_HUMAN,0
P49685,GPR15_HUMAN,0
P80370,DLK1_HUMAN,0
Q5TAH2,SLC9C2_HUMAN,0
P41146,OPRL1_HUMAN,0
Q8IZJ1,UNC5B_HUMAN,0
Q99572,P2RX7_HUMAN,0
Q8IU57,IFNLR1_HUMAN,0
Q14766,LTBP1_HUMAN,0
Q13324,CRHR2_HUMAN,0
Q92956,TNFRSF14_HUMAN,0
P47211,GALR1_HUMAN,0
P04234,CD3D_HUMAN,0
P08648,ITGA5_HUMAN,0
Q9ULT6,ZNRF3_HUMAN,0
P57087,JAM2_HUMAN,0
P13726,F3_HUMAN,0
Q9Y5Y7,LYVE1_HUMAN,0
Q93098,WNT8B_HUMAN,0
P08581,MET_HUMAN,0
P56817,BACE1_HUMAN,0
P29992,GNA11_HUMAN,0
Q9UIW2,PLXNA1_HUMAN,0
P04629,NTRK1_HUMAN,0
P30825,SLC7A1_HUMAN,0
P07202,TPO_HUMAN,0
P36896,ACVR1B_HUMAN,0
A6ND01,IZUMO1R_HUMAN,0
Q9P296,C5AR2_HUMAN,0
Q9NSI5,IGSF5_HUMAN,0
P22888,LHCGR_HUMAN,0
P05019,IGF1_HUMAN,0
Q6UXL0,IL20RB_HUMAN,0
Q16342,PDCD2_HUMAN,0
P55085,F2RL1_HUMAN,0
Q01518,CAP1_HUMAN,0
P06576,ATP5F1B_HUMAN,0
P13612,ITGA4_HUMAN,0
P28907,CD38_HUMAN,0
Q5TFQ8,SIRPB1_HUMAN,0
P34981,TRHR_HUMAN,0
P04216,THY1_HUMAN,0
Q9UK28,TMEM59L_HUMAN,0
Q9NR96,TLR9_HUMAN,0
P43629,KIR3DL1_HUMAN,0
O14798,TNFRSF10C_HUMAN,0
P31785,IL2RG_HUMAN,0
P62079,TSPAN5_HUMAN,0
Q99062,CSF3R_HUMAN,0
Q86T13,CLEC14A_HUMAN,0
Q9UBY5,LPAR3_HUMAN,0
Q9UBH0,IL36RN_HUMAN,0
O75084,FZD7_HUMAN,0
Q9Y5V3,MAGED1_HUMAN,0
Q4ZIN3,TMEM259_HUMAN,0
Q6PJG9,LRFN4_HUMAN,0
Q86V24,ADIPOR2_HUMAN,0
Q92823,NRCAM_HUMAN,0
P06127,CD5_HUMAN,0
Q96E93,KLRG1_HUMAN,0
Q969F8,KISS1R_HUMAN,0
O15389,SIGLEC5_HUMAN,0
P16070,CD44_HUMAN,0
O75871,CEACAM4_HUMAN,0
Q12884,FAP_HUMAN,0
O75022,LILRB3_HUMAN,0
Q15825,CHRNA6_HUMAN,0
Q9NZD1,GPRC5D_HUMAN,0
P23467,PTPRB_HUMAN,0
Q9UP52,TFR2_HUMAN,0
Q96JQ5,MS4A4A_HUMAN,0
Q8N0Z9,VSIG10_HUMAN,0
P21452,TACR2_HUMAN,0
A6NLU5,VSTM2B_HUMAN,0
P48145,NPBWR1_HUMAN,0
Q9Y5Y4,PTGDR2_HUMAN,0
Q5JZY3,EPHA10_HUMAN,0
Q9Y566,SHANK1_HUMAN,0
P38484,IFNGR2_HUMAN,0
Q15746,MYLK_HUMAN,0
Q6YHK3,CD109_HUMAN,0
P07204,THBD_HUMAN,0
O75487,GPC4_HUMAN,0
Q496J9,SV2C_HUMAN,0
Q9UKU6,TRHDE_HUMAN,0
Q04771,ACVR1_HUMAN,0
Q96GX1,TCTN2_HUMAN,0
Q9HCU0,CD248_HUMAN,0
Q13740,ALCAM_HUMAN,0
Q8WXD0,RXFP2_HUMAN,0
P0C7M8,CLEC2L_HUMAN,0
O60602,TLR5_HUMAN,0
P46091,CMKLR2_HUMAN,0
P40145,ADCY8_HUMAN,0
Q8NHL6,LILRB1_HUMAN,0
O15529,GPR42_HUMAN,0
Q14627,IL13RA2_HUMAN,0
Q86VB7,CD163_HUMAN,0
P28335,HTR2C_HUMAN,0
P08887,IL6R_HUMAN,0
Q07001,CHRND_HUMAN,0
Q9UN71,PCDHGB4_HUMAN,0
P38570,ITGAE_HUMAN,0
Q99685,MGLL_HUMAN,0
Q9P121,NTM_HUMAN,0
O94856,NFASC_HUMAN,0
Q9P0N5,TMEM216_HUMAN,0
Q9BXB1,LGR4_HUMAN,0
P32927,CSF2RB_HUMAN,0
P01589,IL2RA_HUMAN,0
Q13349,ITGAD_HUMAN,0
Q86SU0,ILDR1_HUMAN,0
P21709,EPHA1_HUMAN,0
P30530,AXL_HUMAN,0
P17342,NPR3_HUMAN,0
Q6DKI7,PVRIG_HUMAN,0
P84022,SMAD3_HUMAN,0
Q99705,MCHR1_HUMAN,0
P28566,HTR1E_HUMAN,0
P41587,VIPR2_HUMAN,0
Q03405,PLAUR_HUMAN,0
Q13308,PTK7_HUMAN,0
P12830,CDH1_HUMAN,0
P07510,CHRNG_HUMAN,0
Q12923,PTPN13_HUMAN,0
O60353,FZD6_HUMAN,0
O00206,TLR4_HUMAN,0
Q8N158,GPC2_HUMAN,0
Q9P2S2,NRXN2_HUMAN,0
P09544,WNT2_HUMAN,0
O00590,ACKR2_HUMAN,0
Q9NZU0,FLRT3_HUMAN,0
P23416,GLRA2_HUMAN,0
P08514,ITGA2B_HUMAN,0
P30926,CHRNB4_HUMAN,0
Q8NG11,TSPAN14_HUMAN,0
P22001,KCNA3_HUMAN,0
Q01151,CD83_HUMAN,0
Q14416,GRM2_HUMAN,0
P01732,CD8A_HUMAN,0
Q6UX71,PLXDC2_HUMAN,0
A8MVS5,HIDE1_HUMAN,0
Q9NZH8,IL36G_HUMAN,0
P09486,SPARC_HUMAN,0
Q9HCT0,FGF22_HUMAN,0
Q96PL1,SCGB3A2_HUMAN,0
Q9BY76,ANGPTL4_HUMAN,0
P10147,CCL3_HUMAN,0
P55773,CCL23_HUMAN,0
O95715,CXCL14_HUMAN,0
P01138,NGF_HUMAN,0
O75596,CLEC3A_HUMAN,0
P61278,SST_HUMAN,0
P23515,OMG_HUMAN,0
Q15848,ADIPOQ_HUMAN,0
P27482,CALML3_HUMAN,0
P14780,MMP9_HUMAN,0
P11487,FGF3_HUMAN,0
P81277,PRLH_HUMAN,0
Q9NQ76,MEPE_HUMAN,0
P14138,EDN3_HUMAN,0
Q92838,EDA_HUMAN,0
Q9UKQ2,ADAM28_HUMAN,0
Q9NPH9,IL26_HUMAN,0
Q9NZQ7,CD274_HUMAN,0
P01225,FSHB_HUMAN,0
Q96G01,BICD1_HUMAN,0
P49765,VEGFB_HUMAN,0
Q9UQQ1,NAALADL1_HUMAN,0
P07900,HSP90AA1_HUMAN,0
Q9Y5E6,PCDHB3_HUMAN,0
P17213,BPI_HUMAN,0
O14788,TNFSF11_HUMAN,0
P80188,LCN2_HUMAN,0
Q13275,SEMA3F_HUMAN,0
O75054,IGSF3_HUMAN,0
Q8N475,FSTL5_HUMAN,0
P10646,TFPI_HUMAN,0
P27797,CALR_HUMAN,0
P0DJI8,SAA1_HUMAN,0
P48061,CXCL12_HUMAN,0
P01889,HLA-B_HUMAN,0
Q9BZD6,PRRG4_HUMAN,0
O15230,LAMA5_HUMAN,0
P53420,COL4A4_HUMAN,0
Q96BQ1,FAM3D_HUMAN,0
O60542,PSPN_HUMAN,0
P52803,EFNA5_HUMAN,0
Q14112,NID2_HUMAN,0
P08620,FGF4_HUMAN,0
P19113,HDC_HUMAN,0
P05231,IL6_HUMAN,0
Q6UWX4,HHIPL2_HUMAN,0
Q8IU54,IFNL1_HUMAN,0
Q9Y6C2,EMILIN1_HUMAN,0
O43557,TNFSF14_HUMAN,0
P25098,GRK2_HUMAN,0
Q8WXF3,RLN3_HUMAN,0
Q92915,FGF14_HUMAN,0
Q9NPR2,SEMA4B_HUMAN,0
P09683,SCT_HUMAN,0
P30679,GNA15_HUMAN,0
P28482,MAPK1_HUMAN,0
P08754,GNAI3_HUMAN,0
P60903,S100A10_HUMAN,0
P19835,CEL_HUMAN,0
Q96QR1,SCGB3A1_HUMAN,0
Q6UXB8,PI16_HUMAN,0
P37840,SNCA_HUMAN,0
Q96JA1,LRIG1_HUMAN,0
O14514,ADGRB1_HUMAN,0
P01569,IFNA5_HUMAN,0
P0DP57,SLURP2_HUMAN,0
P32881,IFNA8_HUMAN,0
O95390,GDF11_HUMAN,0
Q8NDV2,GPR26_HUMAN,0
Q8N2Q7,NLGN1_HUMAN,0
P27918,CFP_HUMAN,0
Q9UQQ2,SH2B3_HUMAN,0
Q15846,CLUL1_HUMAN,0
Q9NWZ3,IRAK4_HUMAN,0
P49746,THBS3_HUMAN,0
P12107,COL11A1_HUMAN,0
Q15654,TRIP6_HUMAN,0
Q9H2U9,ADAM7_HUMAN,0
O60383,GDF9_HUMAN,0
P22897,MRC1_HUMAN,0
P52798,EFNA4_HUMAN,0
Q96A98,PTH2_HUMAN,0
Q5VY80,RAET1L_HUMAN,0
O95813,CER1_HUMAN,0
Q9Y5Q5,CORIN_HUMAN,0
P12821,ACE_HUMAN,0
O75888,TNFSF13_HUMAN,0
Q9NSE2,CISH_HUMAN,0
P42830,CXCL5_HUMAN,0
P48023,FASLG_HUMAN,0
P01920,HLA-DQB1_HUMAN,0
P07942,LAMB1_HUMAN,0
Q9UBS4,DNAJB11_HUMAN,0
Q14213,EBI3_HUMAN,0
P06454,PTMA_HUMAN,0
P02753,RBP4_HUMAN,0
P25940,COL5A3_HUMAN,0
O95157,NXPH3_HUMAN,0
P06702,S100A9_HUMAN,0
P16035,TIMP2_HUMAN,0
Q00604,NDP_HUMAN,0
Q14055,COL9A2_HUMAN,0
P09038,FGF2_HUMAN,0
O75610,LEFTY1_HUMAN,0
Q6UWT2,ENHO_HUMAN,0
P13765,HLA-DOB_HUMAN,0
Q99965,ADAM2_HUMAN,0
O75131,CPNE3_HUMAN,0
Q14344,GNA13_HUMAN,0
P07477,PRSS1_HUMAN,0
O14511,NRG2_HUMAN,0
P35222,CTNNB1_HUMAN,0
Q15466,NR0B2_HUMAN,0
Q9Y490,TLN1_HUMAN,0
P26927,MST1_HUMAN,0
P09211,GSTP1_HUMAN,0
Q5H8A3,NMS_HUMAN,0
Q9NP95,FGF20_HUMAN,0
Q9Y5C1,ANGPTL3_HUMAN,0
P00451,F8_HUMAN,0
P10082,PYY_HUMAN,0
O95750,FGF19_HUMAN,0
Q96CW9,NTNG2_HUMAN,0
Q8WWG1,NRG4_HUMAN,0
Q6UVW9,CLEC2A_HUMAN,0
Q8NFM7,IL17RD_HUMAN,0
P35443,THBS4_HUMAN,0
P05090,APOD_HUMAN,0
Q92765,FRZB_HUMAN,0
Q86WN2,IFNE_HUMAN,0
Q9BX66,SORBS1_HUMAN,0
P25063,CD24_HUMAN,0
P05111,INHA_HUMAN,0
P55107,GDF10_HUMAN,0
Q14393,GAS6_HUMAN,0
P0CG48,UBC_HUMAN,0
P02741,CRP_HUMAN,0
Q99217,AMELX_HUMAN,0
Q8NBI3,DRAXIN_HUMAN,0
P29459,IL12A_HUMAN,0
O95274,LYPD3_HUMAN,0
P41273,TNFSF9_HUMAN,0
P02655,APOC2_HUMAN,0
Q7KYR7,BTN2A1_HUMAN,0
P01298,PPY_HUMAN,0
P06241,FYN_HUMAN,0
P78417,GSTO1_HUMAN,0
P23142,FBLN1_HUMAN,0
O15444,CCL25_HUMAN,0
P08519,LPA_HUMAN,0
P01909,HLA-DQA1_HUMAN,0
P09382,LGALS1_HUMAN,0
O43278,SPINT1_HUMAN,0
O00230,CORT_HUMAN,0
P58417,NXPH1_HUMAN,0
P02768,ALB_HUMAN,0
P01903,HLA-DRA_HUMAN,0
P10145,CXCL8_HUMAN,0
Q13129,RLF_HUMAN,0
P21810,BGN_HUMAN,0
P01906,HLA-DQA2_HUMAN,0
P15514,AREG_HUMAN,0
Q06643,LTB_HUMAN,0
O94933,SLITRK3_HUMAN,0
P29279,CCN2_HUMAN,0
Q13449,LSAMP_HUMAN,0
O14594,NCAN_HUMAN,0
O43320,FGF16_HUMAN,0
P01375,TNF_HUMAN,0
P20231,TPSB2_HUMAN,0
Q13410,BTN1A1_HUMAN,0
Q02747,GUCA2A_HUMAN,0
P20827,EFNA1_HUMAN,0
Q06828,FMOD_HUMAN,0
Q30154,HLA-DRB5_HUMAN,0
Q9H293,IL25_HUMAN,0
P02776,PF4_HUMAN,0
P02652,APOA2_HUMAN,0
Q8N2X6,EXOC3-AS1_HUMAN,0
P02778,CXCL10_HUMAN,0
P01350,GAST_HUMAN,0
Q6H3X3,RAET1G_HUMAN,0
Q5JXA9,SIRPB2_HUMAN,0
O75376,NCOR1_HUMAN,0
Q6UXT8,ALKAL1_HUMAN,0
Q96DU3,SLAMF6_HUMAN,0
Q14574,DSC3_HUMAN,0
Q15165,PON2_HUMAN,0
P40225,THPO_HUMAN,0
Q8NAU1,FNDC5_HUMAN,0
P98095,FBLN2_HUMAN,0
Q16610,ECM1_HUMAN,0
Q9BXJ0,C1QTNF5_HUMAN,0
P14209,CD99_HUMAN,0
O94887,FARP2_HUMAN,0
Q8IZJ0,IFNL2_HUMAN,0
P14625,HSP90B1_HUMAN,0
P49747,COMP_HUMAN,0
Q16552,IL17A_HUMAN,0
P21781,FGF7_HUMAN,0
K9M1U5,IFNL4_HUMAN,0
Q9HB63,NTN4_HUMAN,0
P19256,CD58_HUMAN,0
Q02297,NRG1_HUMAN,0
P19883,FST_HUMAN,0
P03971,AMH_HUMAN,0
P21980,TGM2_HUMAN,0
Q9NRV9,HEBP1_HUMAN,0
O43866,CD5L_HUMAN,0
Q8N135,LGI4_HUMAN,0
P04070,PROC_HUMAN,0
Q99985,SEMA3C_HUMAN,0
Q13813,SPTAN1_HUMAN,0
O94907,DKK1_HUMAN,0
P15692,VEGFA_HUMAN,0
P07478,PRSS2_HUMAN,0
P07225,PROS1_HUMAN,0
Q9BTN0,LRFN3_HUMAN,0
P35318,ADM_HUMAN,0
P52945,PDX1_HUMAN,0
O14625,CXCL11_HUMAN,0
P20849,COL9A1_HUMAN,0
P02766,TTR_HUMAN,0
P02649,APOE_HUMAN,0
Q14005,IL16_HUMAN,0
Q9HC23,PROK2_HUMAN,0
Q7L266,ASRGL1_HUMAN,0
O43927,CXCL13_HUMAN,0
P61626,LYZ_HUMAN,0
O00292,LEFTY2_HUMAN,0
Q9ULP9,TBC1D24_HUMAN,0
P25391,LAMA1_HUMAN,0
Q6UXB4,CLEC4G_HUMAN,0
P07237,P4HB_HUMAN,0
Q4VX76,SYTL3_HUMAN,0
P49771,FLT3LG_HUMAN,0
O15511,ARPC5_HUMAN,0
Q16613,AANAT_HUMAN,0
Q07325,CXCL9_HUMAN,0
P09341,CXCL1_HUMAN,0
P47992,XCL1_HUMAN,0
P05305,EDN1_HUMAN,0
Q8NG41,NPB_HUMAN,0
P98160,HSPG2_HUMAN,0
Q9UKY0,PRND_HUMAN,0
P49961,ENTPD1_HUMAN,0
Q96RP3,UCN2_HUMAN,0
Q8WX77,IGFBPL1_HUMAN,0
O43493,TGOLN2_HUMAN,0
Q68D85,NCR3LG1_HUMAN,0
Q9UBD3,XCL2_HUMAN,0
P04004,VTN_HUMAN,0
O00634,NTN3_HUMAN,0
P35613,BSG_HUMAN,0
P62873,GNB1_HUMAN,0
Q9BZM6,ULBP1_HUMAN,0
Q9NYJ7,DLL3_HUMAN,0
P40259,CD79B_HUMAN,0
P48745,CCN3_HUMAN,0
O75144,ICOSLG_HUMAN,0
O00175,CCL24_HUMAN,0
P12272,PTHLH_HUMAN,0
P43080,GUCA1A_HUMAN,0
P39060,COL18A1_HUMAN,0
Q14722,KCNAB1_HUMAN,0
P35625,TIMP3_HUMAN,0
Q6X4U4,SOSTDC1_HUMAN,0
Q16787,LAMA3_HUMAN,0
Q8N729,NPW_HUMAN,0
P20908,COL5A1_HUMAN,0
O95389,CCN6_HUMAN,0
Q08380,LGALS3BP_HUMAN,0
P14210,HGF_HUMAN,0
O15130,NPFF_HUMAN,0
Q9NRM1,ENAM_HUMAN,0
Q6ISS4,LAIR2_HUMAN,0
P24593,IGFBP5_HUMAN,0
Q86YL7,PDPN_HUMAN,0
P20061,TCN1_HUMAN,0
Q9BQB4,SOST_HUMAN,0
P18065,IGFBP2_HUMAN,0
P12872,MLN_HUMAN,0
Q8NI35,PATJ_HUMAN,0
P05155,SERPING1_HUMAN,0
Q15389,ANGPT1_HUMAN,0
Q13591,SEMA5A_HUMAN,0
Q9GZX6,IL22_HUMAN,0
O95500,CLDN14_HUMAN,0
P00749,PLAU_HUMAN,0
O14508,SOCS2_HUMAN,0
P06744,GPI_HUMAN,0
P12544,GZMA_HUMAN,0
P20809,IL11_HUMAN,0
P39019,RPS19_HUMAN,0
Q8WWY8,LIPH_HUMAN,0
Q96RS0,TGS1_HUMAN,0
P49788,RARRES1_HUMAN,0
O00585,CCL21_HUMAN,0
P0DMV8,HSPA1A_HUMAN,0
P43490,NAMPT_HUMAN,0
P04271,S100B_HUMAN,0
Q6UXK5,LRRN1_HUMAN,0
P51511,MMP15_HUMAN,0
P21246,PTN_HUMAN,0
O43915,VEGFD_HUMAN,0
Q9Y275,TNFSF13B_HUMAN,0
Q8NHW4,CCL4L1_HUMAN,0
Q2I0M5,RSPO4_HUMAN,0
Q6UX27,VSTM1_HUMAN,0
P03951,F11_HUMAN,0
Q9UHD0,IL19_HUMAN,0
Q99731,CCL19_HUMAN,0
Q9UQ26,RIMS2_HUMAN,0
P60568,IL2_HUMAN,0
Q9UK05,GDF2_HUMAN,0
P06858,LPL_HUMAN,0
P09237,MMP7_HUMAN,0
Q9NPF7,IL23A_HUMAN,0
P02763,ORM1_HUMAN,0
P28161,GSTM2_HUMAN,0
P46379,BAG6_HUMAN,0
P36955,SERPINF1_HUMAN,0
O15467,CCL16_HUMAN,0
P78509,RELN_HUMAN,0
Q13007,IL24_HUMAN,0
P17931,LGALS3_HUMAN,0
Q00888,PSG4_HUMAN,0
P20774,OGN_HUMAN,0
P08700,IL3_HUMAN,0
P23560,BDNF_HUMAN,0
O00592,PODXL_HUMAN,0
Q07654,TFF3_HUMAN,0
O43555,GNRH2_HUMAN,0
O95711,LY86_HUMAN,0
Q8IWL2,SFTPA1_HUMAN,0
P09429,HMGB1_HUMAN,0
Q9NP70,AMBN_HUMAN,0
Q6UW32,IGFL1_HUMAN,0
O95393,BMP10_HUMAN,0
P04003,C4BPA_HUMAN,0
O75829,CNMD_HUMAN,0
Q9Y258,CCL26_HUMAN,0
P04141,CSF2_HUMAN,0
O15020,SPTBN2_HUMAN,0
P21754,ZP3_HUMAN,0
P05015,IFNA16_HUMAN,0
Q8TD84,DSCAML1_HUMAN,0
Q92819,HAS2_HUMAN,0
P50552,VASP_HUMAN,0
P23352,ANOS1_HUMAN,0
Q9UGN4,CD300A_HUMAN,0
Q9UPX8,SHANK2_HUMAN,0
P06727,APOA4_HUMAN,0
Q9NRJ3,CCL28_HUMAN,0
Q9NR61,DLL4_HUMAN,0
P55000,SLURP1_HUMAN,0
P02774,GC_HUMAN,0
P02745,C1QA_HUMAN,0
P55058,PLTP_HUMAN,0
P29965,CD40LG_HUMAN,0
P78423,CX3CL1_HUMAN,0
Q9HD89,RETN_HUMAN,0
P0DML2,CSH1_HUMAN,0
O60637,TSPAN3_HUMAN,0
P50591,TNFSF10_HUMAN,0
Q96QZ7,MAGI1_HUMAN,0
Q9HCQ7,NPVF_HUMAN,0
Q9BXY4,RSPO3_HUMAN,0
P40933,IL15_HUMAN,0
A0A1B0GTJ6,LOC101059948_HUMAN,0
P10909,CLU_HUMAN,0
P30990,NTS_HUMAN,0
P08118,MSMB_HUMAN,0
O00214,LGALS8_HUMAN,0
P51460,INSL3_HUMAN,0
Q9BXJ1,C1QTNF1_HUMAN,0
P11836,MS4A1_HUMAN,0
Q15942,ZYX_HUMAN,0
Q9NR99,MXRA5_HUMAN,0
P55089,UCN_HUMAN,0
Q86UU9,TAC4_HUMAN,0
P31358,CD52_HUMAN,0
Q92688,ANP32B_HUMAN,0
P14136,GFAP_HUMAN,0
P01033,TIMP1_HUMAN,0
P18206,VCL_HUMAN,0
Q16663,CCL15_HUMAN,0
P0DMC3,APELA_HUMAN,0
P15813,CD1D_HUMAN,0
P01303,NPY_HUMAN,0
O15041,SEMA3E_HUMAN,0
Q14563,SEMA3A_HUMAN,0
Q9UNG2,TNFSF18_HUMAN,0
P07093,SERPINE2_HUMAN,0
P08253,MMP2_HUMAN,0
P20396,TRH_HUMAN,0
Q5SRR4,LY6G5C_HUMAN,0
P04275,VWF_HUMAN,0
P01042,KNG1_HUMAN,0
P02775,PPBP_HUMAN,0
P00740,F9_HUMAN,0
Q5T4F7,SFRP5_HUMAN,0
P05121,SERPINE1_HUMAN,0
P07948,LYN_HUMAN,0
Q01469,FABP5_HUMAN,0
Q8TEU8,WFIKKN2_HUMAN,0
Q9BZV3,IMPG2_HUMAN,0
P49763,PGF_HUMAN,0
Q9Y264,ANGPT4_HUMAN,0
A6NMZ7,COL6A6_HUMAN,0
P34130,NTF4_HUMAN,0
Q969E3,UCN3_HUMAN,0
Q9UBD9,CLCF1_HUMAN,0
Q08554,DSC1_HUMAN,0
P45452,MMP13_HUMAN,0
Q7RTS9,DYM_HUMAN,0
O43827,ANGPTL7_HUMAN,0
P54108,CRISP3_HUMAN,0
P20292,ALOX5AP_HUMAN,0
Q6UXN2,TREML4_HUMAN,0
Q9UQ80,PA2G4_HUMAN,0
Q9UQ52,CNTN6_HUMAN,0
O00548,DLL1_HUMAN,0
P07602,PSAP_HUMAN,0
P01185,AVP_HUMAN,0
P26447,S100A4_HUMAN,0
P00450,CP_HUMAN,0
P21333,FLNA_HUMAN,0
O00329,PIK3CD_HUMAN,0
Q02487,DSC2_HUMAN,0
P24001,IL32_HUMAN,0
Q1L6U9,MSMP_HUMAN,0
Q5JWF2,GNAS_HUMAN,0
O14793,MSTN_HUMAN,0
O15072,ADAMTS3_HUMAN,0
O76093,FGF18_HUMAN,0
P20062,TCN2_HUMAN,0
Q765I0,UTS2B_HUMAN,0
P08174,CD55_HUMAN,0
Q9H8J5,MANSC1_HUMAN,0
P00748,F12_HUMAN,0
P83859,QRFP_HUMAN,0
P47870,GABRB2_HUMAN,0
Q9UMF0,ICAM5_HUMAN,0
Q9UMX6,GUCA1B_HUMAN,0
P07492,GRP_HUMAN,0
Q86XS5,ANGPTL5_HUMAN,0
Q9NZR2,LRP1B_HUMAN,0
Q12841,FSTL1_HUMAN,0
P29350,PTPN6_HUMAN,0
Q9Y219,JAG2_HUMAN,0
Q9H1J7,WNT5B_HUMAN,0
Q9NZ53,PODXL2_HUMAN,0
O95171,SCEL_HUMAN,0
Q99969,RARRES2_HUMAN,0
P00995,SPINK1_HUMAN,0
P13236,CCL4_HUMAN,0
Q14406,CSHL1_HUMAN,0
P21583,KITLG_HUMAN,0
P00813,ADA_HUMAN,0
Q92583,CCL17_HUMAN,0
P01308,INS_HUMAN,0
P35030,PRSS3_HUMAN,0
P10092,CALCB_HUMAN,0
P11142,HSPA8_HUMAN,0
P15018,LIF_HUMAN,0
P22413,ENPP1_HUMAN,0
O75325,LRRN2_HUMAN,0
P42127,ASIP_HUMAN,0
P00488,F13A1_HUMAN,0
Q9Y5W7,SNX14_HUMAN,0
P53621,COPA_HUMAN,0
P19875,CXCL2_HUMAN,0
Q9H2X0,CHRD_HUMAN,0
P01374,LTA_HUMAN,0
Q03692,COL10A1_HUMAN,0
O00622,CCN1_HUMAN,0
P48651,PTDSS1_HUMAN,0
Q13519,PNOC_HUMAN,0
P18510,IL1RN_HUMAN,0
P17936,IGFBP3_HUMAN,0
Q9NSA1,FGF21_HUMAN,0
P12034,FGF5_HUMAN,0
Q16270,IGFBP7_HUMAN,0
Q14050,COL9A3_HUMAN,0
O60258,FGF17_HUMAN,0
P09681,GIP_HUMAN,0
P19876,CXCL3_HUMAN,0
P02787,TF_HUMAN,0
P08833,IGFBP1_HUMAN,0
Q14247,CTTN_HUMAN,0
P49768,PSEN1_HUMAN,0
O94813,SLIT2_HUMAN,0
Q9UBC7,GALP_HUMAN,0
Q9NZW4,DSPP_HUMAN,0
P80511,S100A12_HUMAN,0
Q9H2A7,CXCL16_HUMAN,0
Q7Z4H4,ADM2_HUMAN,0
Q9NS98,SEMA3G_HUMAN,0
Q9H0A0,NAT10_HUMAN,0
Q08648,SPAG11B_HUMAN,0
Q13443,ADAM9_HUMAN,0
Q9UHF5,IL17B_HUMAN,0
Q8IWV2,CNTN4_HUMAN,0
Q92954,PRG4_HUMAN,0
Q99075,HBEGF_HUMAN,0
Q96PX8,SLITRK1_HUMAN,0
O94991,SLITRK5_HUMAN,0
Q9NRR1,CYTL1_HUMAN,0
O43508,TNFSF12_HUMAN,0
Q16363,LAMA4_HUMAN,0
Q15238,PSG5_HUMAN,0
Q6UXI9,NPNT_HUMAN,0
Q12904,AIMP1_HUMAN,0
Q99988,GDF15_HUMAN,0
Q9XRX5,HHLA3_HUMAN,0
P21741,MDK_HUMAN,0
P10144,GZMB_HUMAN,0
P0C0P6,NPS_HUMAN,0
Q16661,GUCA2B_HUMAN,0
Q96GW7,BCAN_HUMAN,0
Q8IZJ3,CPAMD8_HUMAN,0
P01571,IFNA17_HUMAN,0
P13987,CD59_HUMAN,0
Q9UHV2,SERTAD1_HUMAN,0
P10720,PF4V1_HUMAN,0
P01213,PDYN_HUMAN,0
P04155,TFF1_HUMAN,0
P01242,GH2_HUMAN,0
P48645,NMU_HUMAN,0
P05543,SERPINA7_HUMAN,0
Q92839,HAS1_HUMAN,0
O75094,SLIT3_HUMAN,0
Q9H6B4,CLMP_HUMAN,0
P14410,SI_HUMAN,0
O43559,FRS3_HUMAN,0
P12645,BMP3_HUMAN,0
O95399,UTS2_HUMAN,0
O95428,PAPLN_HUMAN,0
O95897,OLFM2_HUMAN,0
Q16627,CCL14_HUMAN,0
Q96HF1,SFRP2_HUMAN,0
Q07326,PIGF_HUMAN,0
P49795,RGS19_HUMAN,0
Q9Y5Q6,INSL5_HUMAN,0
Q96LR4,TAFA4_HUMAN,0
P01112,HRAS_HUMAN,0
P15907,ST6GAL1_HUMAN,0
Q9HCB6,SPON1_HUMAN,0
P25105,PTAFR_HUMAN,0
Q96B86,RGMA_HUMAN,0
Q9H3T3,SEMA6B_HUMAN,0
P62979,RPS27A_HUMAN,0
P02790,HPX_HUMAN,0
P00797,REN_HUMAN,0
Q9UQP3,TNN_HUMAN,0
Q9P0W0,IFNK_HUMAN,0
Q15726,KISS1_HUMAN,0
P16389,KCNA2_HUMAN,0
Q8IZI9,IFNL3_HUMAN,0
Q08830,FGL1_HUMAN,0
Q8IVG9,MT-RNR2_HUMAN,0
P24844,MYL9_HUMAN,0
P09417,QDPR_HUMAN,0
P55001,MFAP2_HUMAN,0
P13747,HLA-E_HUMAN,0
Q7Z7D3,VTCN1_HUMAN,0
A8TX70,COL6A5_HUMAN,0
P25311,AZGP1_HUMAN,0
P13232,IL7_HUMAN,0
O00602,FCN1_HUMAN,0
P08949,NMB_HUMAN,0
P13725,OSM_HUMAN,0
Q8WWZ1,IL1F10_HUMAN,0
Q99435,NELL2_HUMAN,0
P80098,CCL7_HUMAN,0
P10124,SRGN_HUMAN,0
P55290,CDH13_HUMAN,0
P31025,LCN1_HUMAN,0
Q8WVN6,SECTM1_HUMAN,0
Q9NY56,OBP2A_HUMAN,0
Q9NS15,LTBP3_HUMAN,0
Q6EBC2,IL31_HUMAN,0
P14555,PLA2G2A_HUMAN,0
Q92914,FGF11_HUMAN,0
P13501,CCL5_HUMAN,0
Q8IZL2,MAML2_HUMAN,0
Q9NYY1,IL20_HUMAN,0
P02654,APOC1_HUMAN,0
P78310,CXADR_HUMAN,0
Q14451,GRB7_HUMAN,0
P01286,GHRH_HUMAN,0
Q53GG5,PDLIM3_HUMAN,0
Q13214,SEMA3B_HUMAN,0
Q9UBR5,CKLF_HUMAN,0
Q9H8L6,MMRN2_HUMAN,0
P35348,ADRA1A_HUMAN,0
O15496,PLA2G10_HUMAN,0
P05230,FGF1_HUMAN,0
Q15768,EFNB3_HUMAN,0
O43323,DHH_HUMAN,0
Q9P0M4,IL17C_HUMAN,0
P23510,TNFSF4_HUMAN,0
Q9NUP9,LIN7C_HUMAN,0
Q9BZM5,ULBP2_HUMAN,0
Q10588,BST1_HUMAN,0
P14618,PKM_HUMAN,0
Q9BZG2,ACP4_HUMAN,0
Q96PD4,IL17F_HUMAN,0
P49257,LMAN1_HUMAN,0
Q9P283,SEMA5B_HUMAN,0
P13598,ICAM2_HUMAN,0
P46109,CRKL_HUMAN,0
O94898,LRIG2_HUMAN,0
P0DN86,CGB8_HUMAN,0
Q9P232,CNTN3_HUMAN,0
Q969D9,TSLP_HUMAN,0
P03950,ANG_HUMAN,0
P09919,CSF3_HUMAN,0
P41221,WNT5A_HUMAN,0
P05000,IFNW1_HUMAN,0
Q14773,ICAM4_HUMAN,0
Q96KG7,MEGF10_HUMAN,0
Q5T4W7,ARTN_HUMAN,0
Q13751,LAMB3_HUMAN,0
P01210,PENK_HUMAN,0
P58499,FAM3B_HUMAN,0
P19823,ITIH2_HUMAN,0
P20382,PMCH_HUMAN,0
P84077,ARF1_HUMAN,0
Q14116,IL18_HUMAN,0
P51671,CCL11_HUMAN,0
P10153,RNASE2_HUMAN,0
P15248,IL9_HUMAN,0
P27658,COL8A1_HUMAN,0
P01023,A2M_HUMAN,0
Q96NI6,LRFN5_HUMAN,0
Q6WRI0,IGSF10_HUMAN,0
O94832,MYO1D_HUMAN,0
O95971,CD160_HUMAN,0
P58294,PROK1_HUMAN,0
Q99616,CCL13_HUMAN,0
Q14790,CASP8_HUMAN,0
O60494,CUBN_HUMAN,0
Q14623,IHH_HUMAN,0
Q9UHG2,PCSK1N_HUMAN,0
P08861,CELA3B_HUMAN,0
Q8NEJ0,DUSP18_HUMAN,0
Q06187,BTK_HUMAN,0
Q9NYA4,MTMR4_HUMAN,0
P0C0L5,C4B_2_HUMAN,0
O75093,SLIT1_HUMAN,0
Q8N104,DEFB106B_HUMAN,0
Q9Y215,COLQ_HUMAN,0
Q6FHJ7,SFRP4_HUMAN,0
P12955,PEPD_HUMAN,0
P22301,IL10_HUMAN,0
P35368,ADRA1B_HUMAN,0
P12111,COL6A3_HUMAN,0
P11684,SCGB1A1_HUMAN,0
Q96SZ5,ADO_HUMAN,0
P01024,C3_HUMAN,0
P49767,VEGFC_HUMAN,0
P00750,PLAT_HUMAN,0
Q9H156,SLITRK2_HUMAN,0
P04278,SHBG_HUMAN,0
O75970,MPDZ_HUMAN,0
P25067,COL8A2_HUMAN,0
P00918,CA2_HUMAN,0
P49913,CAMP_HUMAN,0
Q29980,MICB_HUMAN,0
P01563,IFNA2_HUMAN,0
P55056,APOC4_HUMAN,0
O95970,LGI1_HUMAN,0
P51512,MMP16_HUMAN,0
Q13046,PSG7_HUMAN,0
Q9GZZ8,LACRT_HUMAN,0
Q09470,KCNA1_HUMAN,0
O95025,SEMA3D_HUMAN,0
P10745,RBP3_HUMAN,0
P05013,IFNA6_HUMAN,0
P01222,TSHB_HUMAN,0
P05109,S100A8_HUMAN,0
O95156,NXPH2_HUMAN,0
Q9BUR5,APOO_HUMAN,0
O60760,HPGDS_HUMAN,0
P12110,COL6A2_HUMAN,0
O00626,CCL22_HUMAN,0
P04430,IGKV1-16_HUMAN,0
P06881,CALCA_HUMAN,0
P29597,TYK2_HUMAN,0
Q99748,NRTN_HUMAN,0
O43854,EDIL3_HUMAN,0
O00182,LGALS9_HUMAN,0
Q2MV58,TCTN1_HUMAN,0
P42336,PIK3CA_HUMAN,0
Q9UKU9,ANGPTL2_HUMAN,0
Q9UHA7,IL36A_HUMAN,0
O15335,CHAD_HUMAN,0
O15240,VGF_HUMAN,0
P79483,HLA-DRB3_HUMAN,0
P16619,CCL3L1_HUMAN,0
P04083,ANXA1_HUMAN,0
Q16619,CTF1_HUMAN,0
Q06124,PTPN11_HUMAN,0
P01008,SERPINC1_HUMAN,0
Q05707,COL14A1_HUMAN,0
P14174,MIF_HUMAN,0
P55075,FGF8_HUMAN,0
Q9NZH6,IL37_HUMAN,0
P04439,HLA-A_HUMAN,0
P41159,LEP_HUMAN,0
P19957,PI3_HUMAN,0
Q8NFY4,SEMA6D_HUMAN,0
P07585,DCN_HUMAN,0
P35247,SFTPD_HUMAN,0
P35354,PTGS2_HUMAN,0
Q96T91,GPHA2_HUMAN,0
Q9NRR2,TPSG1_HUMAN,0
P27986,PIK3R1_HUMAN,0
Q16674,MIA_HUMAN,0
P15144,ANPEP_HUMAN,0
Q6UXA7,C6orf15_HUMAN,0
P34947,GRK5_HUMAN,0
P05014,IFNA4_HUMAN,0
P25054,APC_HUMAN,0
Q8N0V4,LGI2_HUMAN,0
O15263,DEFB4B_HUMAN,0
Q96N03,VSTM2L_HUMAN,0
O14944,EREG_HUMAN,0
P61769,B2M_HUMAN,0
O95084,PRSS23_HUMAN,0
Q9Y287,ITM2B_HUMAN,0
P13942,COL11A2_HUMAN,0
P01270,PTH_HUMAN,0
Q8TD07,RAET1E_HUMAN,0
Q9NV23,OLAH_HUMAN,0
P67809,YBX1_HUMAN,0
P08709,F7_HUMAN,0
P22362,CCL1_HUMAN,0
P10451,SPP1_HUMAN,0
Q02388,COL7A1_HUMAN,0
Q10586,DBP_HUMAN,0
P01135,TGFA_HUMAN,0
P01236,PRL_HUMAN,0
Q9H5V8,CDCP1_HUMAN,0
P55268,LAMB2_HUMAN,0
Q9BXL7,CARD11_HUMAN,0
Q13361,MFAP5_HUMAN,0
P23582,NPPC_HUMAN,0
O95760,IL33_HUMAN,0
P78504,JAG1_HUMAN,0
P16520,GNB3_HUMAN,0
P12273,PIP_HUMAN,0
Q9Y6N6,LAMC3_HUMAN,0
Q13352,ITGB3BP_HUMAN,0
Q13316,DMP1_HUMAN,0
P02656,APOC3_HUMAN,0
P39905,GDNF_HUMAN,0
Q9NZH7,IL36B_HUMAN,0
P04808,RLN1_HUMAN,0
P01133,EGF_HUMAN,0
P40222,TXLNA_HUMAN,0
P39900,MMP12_HUMAN,0
P11150,LIPC_HUMAN,0
Q9BQ66,KRTAP4-12_HUMAN,0
Q6UX46,ALKAL2_HUMAN,0
Q8NEV9,IL27_HUMAN,0
P24043,LAMA2_HUMAN,0
P18085,ARF4_HUMAN,0
P28799,GRN_HUMAN,0
Q6UY09,CEACAM20_HUMAN,0
P16562,CRISP2_HUMAN,0
P32942,ICAM3_HUMAN,0
P14543,NID1_HUMAN,0
Q13442,PDAP1_HUMAN,0
Q13753,LAMC2_HUMAN,0
P10997,IAPP_HUMAN,0
P11047,LAMC1_HUMAN,0
O43570,CA12_HUMAN,0
P23297,S100A1_HUMAN,0
P01241,GH1_HUMAN,0
P01009,SERPINA1_HUMAN,0
P19440,GGT1_HUMAN,0
Q9HBE4,IL21_HUMAN,0
Q9HAP6,LIN7B_HUMAN,0
Q2WEN9,CEACAM16_HUMAN,0
Q9UBP4,DKK3_HUMAN,0
P32121,ARRB2_HUMAN,0
Q15661,TPSAB1_HUMAN,0
P80162,CXCL6_HUMAN,0
P13500,CCL2_HUMAN,0
Q9H3T2,SEMA6C_HUMAN,0
P04196,HRG_HUMAN,0
O95049,TJP3_HUMAN,0
P41271,NBL1_HUMAN,0
P55196,AFDN_HUMAN,0
Q08431,MFGE8_HUMAN,0
P06340,HLA-DOA_HUMAN,0
P22692,IGFBP4_HUMAN,0
P20783,NTF3_HUMAN,0
Q9UDY2,TJP2_HUMAN,0
O14654,IRS4_HUMAN,0
P48029,SLC6A8_HUMAN,0
Q6ZMJ4,IL34_HUMAN,0
Q6UY18,LINGO4_HUMAN,0
P34932,HSPA4_HUMAN,0
P10915,HAPLN1_HUMAN,0
P01566,IFNA10_HUMAN,0
P04114,APOB_HUMAN,0
Q92520,FAM3C_HUMAN,0
P24592,IGFBP6_HUMAN,0
Q9UBU2,DKK2_HUMAN,0
P01178,OXT_HUMAN,0
P17752,TPH1_HUMAN,0
P0DML3,CSH2_HUMAN,0
O43921,EFNA2_HUMAN,0
P12004,PCNA_HUMAN,0
Q9UKF5,ADAM29_HUMAN,0
Q9BUD6,SPON2_HUMAN,0
Q99218,AMELY_HUMAN,0
Q99944,EGFL8_HUMAN,0
P01562,IFNA1_HUMAN,0
P21815,IBSP_HUMAN,0
Q9ULZ1,APLN_HUMAN,0
O75326,SEMA7A_HUMAN,0
Q9BT56,SPX_HUMAN,0
O00468,AGRN_HUMAN,0
Q99259,GAD1_HUMAN,0
P08311,CTSG_HUMAN,0
P17693,HLA-G_HUMAN,0
O43612,HCRT_HUMAN,0
P80075,CCL8_HUMAN,0
P01574,IFNB1_HUMAN,0
P01019,AGT_HUMAN,0
P01579,IFNG_HUMAN,0
P02647,APOA1_HUMAN,0
P00747,PLG_HUMAN,0
O43506,ADAM20_HUMAN,0
Q86YW7,GPHB5_HUMAN,0
P37287,PIGA_HUMAN,0
P31371,FGF9_HUMAN,0
P10767,FGF6_HUMAN,0
P0C0L4,C4A_HUMAN,0
P03973,SLPI_HUMAN,0
Q8IWK6,ADGRA3_HUMAN,0
Q9Y240,CLEC11A_HUMAN,0
P01215,CGA_HUMAN,0
Q6P988,NOTUM_HUMAN,0
Q8N145,LGI3_HUMAN,0
Q8TAX7,MUC7_HUMAN,0
P18509,ADCYAP1_HUMAN,0
Q03403,TFF2_HUMAN,0
Q8NBP7,PCSK9_HUMAN,0
P12109,COL6A1_HUMAN,0
P08238,HSP90AB1_HUMAN,0
P81534,DEFB103A_HUMAN,0
Q9ULB4,CDH9_HUMAN,0
P18089,ADRA2B_HUMAN,0
P16860,NPPB_HUMAN,0
P05997,COL5A2_HUMAN,0
P01588,EPO_HUMAN,0
Q12805,EFEMP1_HUMAN,0
P51654,GPC3_HUMAN,0
Q8NI99,ANGPTL6_HUMAN,0
Q16543,CDC37_HUMAN,0
O96014,WNT11_HUMAN,0
P20366,TAC1_HUMAN,0
Q15485,FCN2_HUMAN,0
P00734,F2_HUMAN,0
Q00889,PSG6_HUMAN,0
Q9UHF0,TAC3_HUMAN,0
P07288,KLK3_HUMAN,0
P47972,NPTX2_HUMAN,0
Q8TBB1,LNX1_HUMAN,0
Q13253,NOG_HUMAN,0
P22466,GAL_HUMAN,0
P06850,CRH_HUMAN,0
P41161,ETV5_HUMAN,0
P19021,PAM_HUMAN,0
P62987,UBA52_HUMAN,0
O00587,MFNG_HUMAN,0
Q6UWQ7,IGFL2_HUMAN,0
P28906,CD34_HUMAN,0
P28068,HLA-DMB_HUMAN,0
Q9BRK3,MXRA8_HUMAN,0
Q9P2M7,CGN_HUMAN,0
P0CG47,UBB_HUMAN,0
P22105,TNXB_HUMAN,0
P00742,F10_HUMAN,0
Q6RW13,AGTRAP_HUMAN,0
P01570,IFNA14_HUMAN,0
Q9GZV9,FGF23_HUMAN,0
P04637,TP53_HUMAN,0
Q9UM44,HHLA2_HUMAN,0
Q9UNE7,STUB1_HUMAN,0
P60022,DEFB1_HUMAN,0
Q96DA0,ZG16B_HUMAN,0
P13497,BMP1_HUMAN,0
Q8N6C5,IGSF1_HUMAN,0
P01148,GNRH1_HUMAN,0
Q00005,PPP2R2B_HUMAN,0
Q8IZD2,KMT2E_HUMAN,0
P61328,FGF12_HUMAN,0
P01031,C5_HUMAN,0
Q9UBT3,DKK4_HUMAN,0
Q15465,SHH_HUMAN,0
P08603,CFH_HUMAN,0
P78556,CCL20_HUMAN,0
Q9P2V4,LRIT1_HUMAN,0
Q15818,NPTX1_HUMAN,0
P61366,OSTN_HUMAN,0
O00253,AGRP_HUMAN,0
O95388,CCN4_HUMAN,0
P55774,CCL18_HUMAN,0
Q02817,MUC2_HUMAN,0
P35070,BTC_HUMAN,0
Q6UXX9,RSPO2_HUMAN,0
P54577,YARS1_HUMAN,0
P01160,NPPA_HUMAN,0
O95841,ANGPTL1_HUMAN,0
P51884,LUM_HUMAN,0
P06734,FCER2_HUMAN,0
Q07092,COL16A1_HUMAN,0
P80303,NUCB2_HUMAN,0
Q969E1,LEAP2_HUMAN,0
Q8IWL1,SFTPA2_HUMAN,0
P01275,GCG_HUMAN,0
P05113,IL5_HUMAN,0
P56975,NRG3_HUMAN,0
O95631,NTN1_HUMAN,0
P63096,GNAI1_HUMAN,0
Q8N2E6,TOR2A_HUMAN,0
P09603,CSF1_HUMAN,0
Q10589,BST2_HUMAN,0
Q00887,PSG9_HUMAN,0
Q96JQ0,DCHS1_HUMAN,0
P35555,FBN1_HUMAN,0
Q9Y2J0,RPH3A_HUMAN,0
P43405,SYK_HUMAN,0
P20800,EDN2_HUMAN,0
Q14011,CIRBP_HUMAN,0
P04090,RLN2_HUMAN,0
O15123,ANGPT2_HUMAN,0
Q9NZ94,NLGN3_HUMAN,0
Q9Y4X3,CCL27_HUMAN,0
P28067,HLA-DMA_HUMAN,0
P01266,TG_HUMAN,0
P02765,AHSG_HUMAN,0
Q9Y5W5,WIF1_HUMAN,0
O43155,FLRT2_HUMAN,0
Q15063,POSTN_HUMAN,0
Q05397,PTK2_HUMAN,0
Q6X784,ZPBP2_HUMAN,0
P21941,MATN1_HUMAN,0
P01568,IFNA21_HUMAN,0
Q8N0W4,NLGN4X_HUMAN,0
Q8NFZ4,NLGN2_HUMAN,0
P06307,CCK_HUMAN,0
P00738,HP_HUMAN,0
O15520,FGF10_HUMAN,0
P08670,VIM_HUMAN,0
P01229,LHB_HUMAN,0
Q92913,FGF13_HUMAN,0
Q4G0M1,ERFE_HUMAN,0
P50281,MMP14_HUMAN,0
P26441,CNTF_HUMAN,0
P01567,IFNA7_HUMAN,0
P62330,ARF6_HUMAN,0
Q2MKA7,RSPO1_HUMAN,0
P35225,IL13_HUMAN,0
P13762,HLA-DRB4_HUMAN,0
P01282,VIP_HUMAN,0
O95967,EFEMP2_HUMAN,0
Q6UXB2,CXCL17_HUMAN,0
P36268,GGT2_HUMAN,0
Q6UWK7,GPR15L_HUMAN,0
Q8IXS8,FAM126B_HUMAN,0
Q9NSG2,C1orf112_HUMAN,0
Q5T5A4,C1orf194_HUMAN,0
