id_protein,protein_name,tags,tags_reason,tags_description,protein_multidata_id
1,LOC101059948_HUMAN,To_add,,,1
2,KLRG2_HUMAN,To_add,,,2
3,LRIT2_HUMAN,To_add,,,3
4,LILRA5_HUMAN,To_add,,,4
5,CD8B2_HUMAN,To_add,,,5
6,VSTM2B_HUMAN,To_add,,,6
7,COL6A6_HUMAN,To_add,,,7
8,CD300LB_HUMAN,To_add,,,8
9,COL6A5_HUMAN,To_add,,,9
10,TARM1_HUMAN,To_add,,,10
11,KLRF2_HUMAN,To_add,,,11
12,PRNP_HUMAN,To_add,,,12
13,IFNL4_HUMAN,To_add,,,13
14,FZD9_HUMAN,To_add,,,14
15,GPR25_HUMAN,To_add,,,15
16,CCL24_HUMAN,To_add,,,16
17,LGALS9_HUMAN,To_add,,,17
18,TLR4_HUMAN,To_add,,,18
19,LGALS8_HUMAN,To_add,,,19
20,TNFRSF10A_HUMAN,To_add,,,20
21,GRM8_HUMAN,To_add,,,21
22,CORT_HUMAN,To_add,,,22
23,BMPR1B_HUMAN,To_add,,,23
24,SIRPB1_HUMAN,To_add,,,24
25,AGRP_HUMAN,To_add,,,25
26,F2RL2_HUMAN,To_add,,,26
27,PGRMC1_HUMAN,To_add,,,27
28,LEFTY2_HUMAN,To_add,,,28
29,TNFRSF11B_HUMAN,To_add,,,29
30,CCRL2_HUMAN,To_add,,,30
31,GFRA2_HUMAN,To_add,,,31
32,AGRN_HUMAN,To_add,,,32
33,BTN3A3_HUMAN,To_add,,,33
34,BTN3A1_HUMAN,To_add,,,34
35,CLDN5_HUMAN,To_add,,,35
36,CHL1_HUMAN,To_add,,,36
37,DLL1_HUMAN,To_add,,,37
38,CXCR6_HUMAN,To_add,,,38
39,CCL21_HUMAN,To_add,,,39
40,MFNG_HUMAN,To_add,,,40
41,ACKR2_HUMAN,To_add,,,41
42,PODXL_HUMAN,To_add,,,42
43,FCN1_HUMAN,To_add,,,43
44,CCN1_HUMAN,To_add,,,44
45,CCL22_HUMAN,To_add,,,45
46,NTN3_HUMAN,To_add,,,46
47,WNT10B_HUMAN,To_add,,,47
48,WNT7A_HUMAN,To_add,,,48
49,CLDN4_HUMAN,To_add,,,49
50,SOCS2_HUMAN,To_add,,,50
51,NRG2_HUMAN,To_add,,,51
52,ADGRB1_HUMAN,To_add,,,52
53,PTPRT_HUMAN,To_add,,,53
54,NCAN_HUMAN,To_add,,,54
55,CXCL11_HUMAN,To_add,,,55
56,GPR171_HUMAN,To_add,,,56
57,IRS4_HUMAN,To_add,,,57
58,ADAM10_HUMAN,To_add,,,58
59,TNFRSF10B_HUMAN,To_add,,,59
60,NRP1_HUMAN,To_add,,,60
61,TNFSF11_HUMAN,To_add,,,61
62,MSTN_HUMAN,To_add,,,62
63,TNFRSF10C_HUMAN,To_add,,,63
64,TNFRSF13B_HUMAN,To_add,,,64
65,WNT9A_HUMAN,To_add,,,65
66,WNT9B_HUMAN,To_add,,,66
67,NCR3_HUMAN,To_add,,,67
68,PLD2_HUMAN,To_add,,,68
69,EREG_HUMAN,To_add,,,69
70,SPTBN2_HUMAN,To_add,,,70
71,PLXNB2_HUMAN,To_add,,,71
72,SEMA3E_HUMAN,To_add,,,72
73,ADAMTS3_HUMAN,To_add,,,73
74,CEP290_HUMAN,To_add,,,74
75,ANGPT2_HUMAN,To_add,,,75
76,NPFF_HUMAN,To_add,,,76
77,MUSK_HUMAN,To_add,,,77
78,PLSCR1_HUMAN,To_add,,,78
79,PGRMC2_HUMAN,To_add,,,79
80,EPHB6_HUMAN,To_add,,,80
81,GPR182_HUMAN,To_add,,,81
82,LAMA5_HUMAN,To_add,,,82
83,VGF_HUMAN,To_add,,,83
84,DEFB4B_HUMAN,To_add,,,84
85,CHAD_HUMAN,To_add,,,85
86,GPR37_HUMAN,To_add,,,86
87,SIGLEC5_HUMAN,To_add,,,87
88,NCAM2_HUMAN,To_add,,,88
89,GRIN2D_HUMAN,To_add,,,89
90,CCL25_HUMAN,To_add,,,90
91,CCL16_HUMAN,To_add,,,91
92,PLA2G10_HUMAN,To_add,,,92
93,ARPC5_HUMAN,To_add,,,93
94,FGF10_HUMAN,To_add,,,94
95,GPR42_HUMAN,To_add,,,95
96,CLDN3_HUMAN,To_add,,,96
97,FFAR2_HUMAN,To_add,,,97
98,FLRT2_HUMAN,To_add,,,98
99,PLXNB1_HUMAN,To_add,,,99
100,ADAM12_HUMAN,To_add,,,100
101,MLNR_HUMAN,To_add,,,101
102,SPINT1_HUMAN,To_add,,,102
103,LRRTM2_HUMAN,To_add,,,103
104,FGF16_HUMAN,To_add,,,104
105,DHH_HUMAN,To_add,,,105
106,TGOLN2_HUMAN,To_add,,,106
107,ADAM20_HUMAN,To_add,,,107
108,TNFSF12_HUMAN,To_add,,,108
109,GNRH2_HUMAN,To_add,,,109
110,TNFSF14_HUMAN,To_add,,,110
111,FRS3_HUMAN,To_add,,,111
112,LAT_HUMAN,To_add,,,112
113,CA12_HUMAN,To_add,,,113
114,GALR2_HUMAN,To_add,,,114
115,HCRT_HUMAN,To_add,,,115
116,HCRTR1_HUMAN,To_add,,,116
117,HCRTR2_HUMAN,To_add,,,117
118,SIGLEC6_HUMAN,To_add,,,118
119,ANGPTL7_HUMAN,To_add,,,119
120,EDIL3_HUMAN,To_add,,,120
121,CD5L_HUMAN,To_add,,,121
122,TYROBP_HUMAN,To_add,,,122
123,VEGFD_HUMAN,To_add,,,123
124,EFNA2_HUMAN,To_add,,,124
125,CXCL13_HUMAN,To_add,,,125
126,FGF17_HUMAN,To_add,,,126
127,MGRN1_HUMAN,To_add,,,127
128,FZD6_HUMAN,To_add,,,128
129,GDF9_HUMAN,To_add,,,129
130,NRP2_HUMAN,To_add,,,130
131,DSCAM_HUMAN,To_add,,,131
132,PLXNC1_HUMAN,To_add,,,132
133,CUBN_HUMAN,To_add,,,133
134,ADCY9_HUMAN,To_add,,,134
135,PSPN_HUMAN,To_add,,,135
136,GREM1_HUMAN,To_add,,,136
137,TLR5_HUMAN,To_add,,,137
138,TLR2_HUMAN,To_add,,,138
139,GFRA3_HUMAN,To_add,,,139
140,TSPAN1_HUMAN,To_add,,,140
141,TSPAN3_HUMAN,To_add,,,141
142,SLC16A7_HUMAN,To_add,,,142
143,JAK2_HUMAN,To_add,,,143
144,GALR3_HUMAN,To_add,,,144
145,HPGDS_HUMAN,To_add,,,145
146,GPR37L1_HUMAN,To_add,,,146
147,RAMP1_HUMAN,To_add,,,147
148,RAMP2_HUMAN,To_add,,,148
149,RAMP3_HUMAN,To_add,,,149
150,SCN2B_HUMAN,To_add,,,150
151,FCGR3B_HUMAN,To_add,,,151
152,LILRA1_HUMAN,To_add,,,152
153,LILRB3_HUMAN,To_add,,,153
154,PLXNA2_HUMAN,To_add,,,154
155,IGSF3_HUMAN,To_add,,,155
156,SDC3_HUMAN,To_add,,,156
157,ADAM23_HUMAN,To_add,,,157
158,ADAM11_HUMAN,To_add,,,158
159,FZD7_HUMAN,To_add,,,159
160,SLIT1_HUMAN,To_add,,,160
161,SLIT3_HUMAN,To_add,,,161
162,LRP4_HUMAN,To_add,,,162
163,MFAP3L_HUMAN,To_add,,,163
164,CPNE3_HUMAN,To_add,,,164
165,ICOSLG_HUMAN,To_add,,,165
166,LRP5_HUMAN,To_add,,,166
167,LRRN2_HUMAN,To_add,,,167
168,SEMA7A_HUMAN,To_add,,,168
169,HMMR_HUMAN,To_add,,,169
170,NCOR1_HUMAN,To_add,,,170
171,TECTA_HUMAN,To_add,,,171
172,CRLF1_HUMAN,To_add,,,172
173,LGR5_HUMAN,To_add,,,173
174,GPC4_HUMAN,To_add,,,174
175,CLDN11_HUMAN,To_add,,,175
176,TNFRSF21_HUMAN,To_add,,,176
177,ITGA10_HUMAN,To_add,,,177
178,LRP6_HUMAN,To_add,,,178
179,PGLYRP1_HUMAN,To_add,,,179
180,CLEC3A_HUMAN,To_add,,,180
181,LEFTY1_HUMAN,To_add,,,181
182,ATP6AP2_HUMAN,To_add,,,182
183,CNMD_HUMAN,To_add,,,183
184,CEACAM4_HUMAN,To_add,,,184
185,ATRN_HUMAN,To_add,,,185
186,TNFSF13_HUMAN,To_add,,,186
187,GABBR2_HUMAN,To_add,,,187
188,DYSF_HUMAN,To_add,,,188
189,FLOT1_HUMAN,To_add,,,189
190,MPDZ_HUMAN,To_add,,,190
191,NCR1_HUMAN,To_add,,,191
192,FGF18_HUMAN,To_add,,,192
193,CNTN5_HUMAN,To_add,,,193
194,SLIT2_HUMAN,To_add,,,194
195,MYO1D_HUMAN,To_add,,,195
196,NFASC_HUMAN,To_add,,,196
197,FARP2_HUMAN,To_add,,,197
198,LRIG2_HUMAN,To_add,,,198
199,DKK1_HUMAN,To_add,,,199
200,ADGRL1_HUMAN,To_add,,,200
201,SLITRK3_HUMAN,To_add,,,201
202,SLITRK5_HUMAN,To_add,,,202
203,SEMA3D_HUMAN,To_add,,,203
204,TJP3_HUMAN,To_add,,,204
205,YIF1A_HUMAN,To_add,,,205
206,PRSS23_HUMAN,To_add,,,206
207,TNFSF15_HUMAN,To_add,,,207
208,NXPH2_HUMAN,To_add,,,208
209,NXPH3_HUMAN,To_add,,,209
210,SCEL_HUMAN,To_add,,,210
211,UNC5C_HUMAN,To_add,,,211
212,IL18RAP_HUMAN,To_add,,,212
213,LYPD3_HUMAN,To_add,,,213
214,CCN4_HUMAN,To_add,,,214
215,CCN6_HUMAN,To_add,,,215
216,GDF11_HUMAN,To_add,,,216
217,BMP10_HUMAN,To_add,,,217
218,UTS2_HUMAN,To_add,,,218
219,TNFRSF6B_HUMAN,To_add,,,219
220,PAPLN_HUMAN,To_add,,,220
221,GNAS_HUMAN,To_add,,,221
222,CLDN7_HUMAN,To_add,,,222
223,ABCA1_HUMAN,To_add,,,223
224,ADGRL2_HUMAN,To_add,,,224
225,CLDN14_HUMAN,To_add,,,225
226,NPTXR_HUMAN,To_add,,,226
227,NTN1_HUMAN,To_add,,,227
228,NTSR2_HUMAN,To_add,,,228
229,LY86_HUMAN,To_add,,,229
230,CXCL14_HUMAN,To_add,,,230
231,CRTAM_HUMAN,To_add,,,231
232,FGF19_HUMAN,To_add,,,232
233,SEMA4F_HUMAN,To_add,,,233
234,IL33_HUMAN,To_add,,,234
235,GPR75_HUMAN,To_add,,,235
236,CER1_HUMAN,To_add,,,236
237,CLDN1_HUMAN,To_add,,,237
238,GLP2R_HUMAN,To_add,,,238
239,ANGPTL1_HUMAN,To_add,,,239
240,TSPAN15_HUMAN,To_add,,,240
241,TSPAN12_HUMAN,To_add,,,241
242,MPIG6B_HUMAN,To_add,,,242
243,OLFM2_HUMAN,To_add,,,243
244,NCR2_HUMAN,To_add,,,244
245,EFEMP2_HUMAN,To_add,,,245
246,LGI1_HUMAN,To_add,,,246
247,CD160_HUMAN,To_add,,,247
248,BMP15_HUMAN,To_add,,,248
249,RECK_HUMAN,To_add,,,249
250,AGR2_HUMAN,To_add,,,250
251,IL18BP_HUMAN,To_add,,,251
252,WNT11_HUMAN,To_add,,,252
253,CP_HUMAN,To_add,,,253
254,F8_HUMAN,To_add,,,254
255,F13A1_HUMAN,To_add,,,255
256,EGFR_HUMAN,To_add,,,256
257,F2_HUMAN,To_add,,,257
258,HP_HUMAN,To_add,,,258
259,F9_HUMAN,To_add,,,259
260,F10_HUMAN,To_add,,,260
261,PLG_HUMAN,To_add,,,261
262,F12_HUMAN,To_add,,,262
263,PLAU_HUMAN,To_add,,,263
264,PLAT_HUMAN,To_add,,,264
265,REN_HUMAN,To_add,,,265
266,ADA_HUMAN,To_add,,,266
267,CA2_HUMAN,To_add,,,267
268,SPINK1_HUMAN,To_add,,,268
269,SERPINC1_HUMAN,To_add,,,269
270,SERPINA1_HUMAN,To_add,,,270
271,AGT_HUMAN,To_add,,,271
272,A2M_HUMAN,To_add,,,272
273,C3_HUMAN,To_add,,,273
274,C5_HUMAN,To_add,,,274
275,TIMP1_HUMAN,To_add,,,275
276,KNG1_HUMAN,To_add,,,276
277,HRAS_HUMAN,To_add,,,277
278,PDGFB_HUMAN,To_add,,,278
279,LDLR_HUMAN,To_add,,,279
280,EGF_HUMAN,To_add,,,280
281,TGFA_HUMAN,To_add,,,281
282,TGFB1_HUMAN,To_add,,,282
283,NGF_HUMAN,To_add,,,283
284,GNRH1_HUMAN,To_add,,,284
285,NPPA_HUMAN,To_add,,,285
286,OXT_HUMAN,To_add,,,286
287,AVP_HUMAN,To_add,,,287
288,POMC_HUMAN,To_add,,,288
289,PENK_HUMAN,To_add,,,289
290,PDYN_HUMAN,To_add,,,290
291,CGA_HUMAN,To_add,,,291
292,TSHB_HUMAN,To_add,,,292
293,FSHB_HUMAN,To_add,,,293
294,LHB_HUMAN,To_add,,,294
295,PRL_HUMAN,To_add,,,295
296,GH1_HUMAN,To_add,,,296
297,GH2_HUMAN,To_add,,,297
298,CALCA_HUMAN,To_add,,,298
299,TG_HUMAN,To_add,,,299
300,PTH_HUMAN,To_add,,,300
301,GCG_HUMAN,To_add,,,301
302,VIP_HUMAN,To_add,,,302
303,GHRH_HUMAN,To_add,,,303
304,PPY_HUMAN,To_add,,,304
305,NPY_HUMAN,To_add,,,305
306,INS_HUMAN,To_add,,,306
307,IGF2_HUMAN,To_add,,,307
308,GAST_HUMAN,To_add,,,308
309,LTA_HUMAN,To_add,,,309
310,TNF_HUMAN,To_add,,,310
311,IFNA1_HUMAN,To_add,,,311
312,IFNA2_HUMAN,To_add,,,312
313,IFNA10_HUMAN,To_add,,,313
314,IFNA7_HUMAN,To_add,,,314
315,IFNA21_HUMAN,To_add,,,315
316,IFNA5_HUMAN,To_add,,,316
317,IFNA14_HUMAN,To_add,,,317
318,IFNA17_HUMAN,To_add,,,318
319,IFNB1_HUMAN,To_add,,,319
320,IFNG_HUMAN,To_add,,,320
321,IL1A_HUMAN,To_add,,,321
322,IL1B_HUMAN,To_add,,,322
323,EPO_HUMAN,To_add,,,323
324,IL2RA_HUMAN,To_add,,,324
325,CD4_HUMAN,To_add,,,325
326,CD8A_HUMAN,To_add,,,326
327,PIGR_HUMAN,To_add,,,327
328,HLA-B_HUMAN,To_add,,,328
329,HLA-DRA_HUMAN,To_add,,,329
330,HLA-DQA2_HUMAN,To_add,,,330
331,HLA-DQA1_HUMAN,To_add,,,331
332,HLA-DRB1_HUMAN,To_add,,,332
333,HLA-DQB1_HUMAN,To_add,,,333
334,COL1A1_HUMAN,To_add,,,334
335,COL2A1_HUMAN,To_add,,,335
336,COL3A1_HUMAN,To_add,,,336
337,COL4A1_HUMAN,To_add,,,337
338,APOA1_HUMAN,To_add,,,338
339,APOE_HUMAN,To_add,,,339
340,APOA2_HUMAN,To_add,,,340
341,APOC1_HUMAN,To_add,,,341
342,APOC2_HUMAN,To_add,,,342
343,APOC3_HUMAN,To_add,,,343
344,FGA_HUMAN,To_add,,,344
345,FGB_HUMAN,To_add,,,345
346,FGG_HUMAN,To_add,,,346
347,MBP_HUMAN,To_add,,,347
348,CHRNA1_HUMAN,To_add,,,348
349,CRP_HUMAN,To_add,,,349
350,C1QA_HUMAN,To_add,,,350
351,C1QB_HUMAN,To_add,,,351
352,FN1_HUMAN,To_add,,,352
353,RBP4_HUMAN,To_add,,,353
354,ORM1_HUMAN,To_add,,,354
355,AHSG_HUMAN,To_add,,,355
356,TTR_HUMAN,To_add,,,356
357,ALB_HUMAN,To_add,,,357
358,GC_HUMAN,To_add,,,358
359,PPBP_HUMAN,To_add,,,359
360,PF4_HUMAN,To_add,,,360
361,CXCL10_HUMAN,To_add,,,361
362,TFRC_HUMAN,To_add,,,362
363,TF_HUMAN,To_add,,,363
364,LTF_HUMAN,To_add,,,364
365,HPX_HUMAN,To_add,,,365
366,ESR1_HUMAN,To_add,,,366
367,ANG_HUMAN,To_add,,,367
368,F11_HUMAN,To_add,,,368
369,MMP1_HUMAN,To_add,,,369
370,AMH_HUMAN,To_add,,,370
371,SLPI_HUMAN,To_add,,,371
372,C4BPA_HUMAN,To_add,,,372
373,VTN_HUMAN,To_add,,,373
374,PROC_HUMAN,To_add,,,374
375,ANXA1_HUMAN,To_add,,,375
376,PDGFA_HUMAN,To_add,,,376
377,RLN2_HUMAN,To_add,,,377
378,APOB_HUMAN,To_add,,,378
379,CSF2_HUMAN,To_add,,,379
380,TFF1_HUMAN,To_add,,,380
381,HRG_HUMAN,To_add,,,381
382,MAS1_HUMAN,To_add,,,382
383,THY1_HUMAN,To_add,,,383
384,A1BG_HUMAN,To_add,,,384
385,CD74_HUMAN,To_add,,,385
386,CD3D_HUMAN,To_add,,,386
387,S100B_HUMAN,To_add,,,387
388,VWF_HUMAN,To_add,,,388
389,SHBG_HUMAN,To_add,,,389
390,IGKV1-16_HUMAN,To_add,,,390
391,HLA-A_HUMAN,To_add,,,391
392,HLA-DPB1_HUMAN,To_add,,,392
393,ERBB2_HUMAN,To_add,,,393
394,WNT1_HUMAN,To_add,,,394
395,NTRK1_HUMAN,To_add,,,395
396,TP53_HUMAN,To_add,,,396
397,RLN1_HUMAN,To_add,,,397
398,GNAI2_HUMAN,To_add,,,398
399,IFNW1_HUMAN,To_add,,,399
400,IFNA6_HUMAN,To_add,,,400
401,IFNA4_HUMAN,To_add,,,401
402,IFNA16_HUMAN,To_add,,,402
403,IGF1_HUMAN,To_add,,,403
404,ATP1B1_HUMAN,To_add,,,404
405,APP_HUMAN,To_add,,,405
406,APOD_HUMAN,To_add,,,406
407,ITGB3_HUMAN,To_add,,,407
408,ITGB2_HUMAN,To_add,,,408
409,S100A8_HUMAN,To_add,,,409
410,INHA_HUMAN,To_add,,,410
411,IL4_HUMAN,To_add,,,411
412,IL5_HUMAN,To_add,,,412
413,SERPINE1_HUMAN,To_add,,,413
414,SERPING1_HUMAN,To_add,,,414
415,FGF1_HUMAN,To_add,,,415
416,IL6_HUMAN,To_add,,,416
417,EDN1_HUMAN,To_add,,,417
418,ICAM1_HUMAN,To_add,,,418
419,HLA-DQB2_HUMAN,To_add,,,419
420,SERPINA7_HUMAN,To_add,,,420
421,ITGB1_HUMAN,To_add,,,421
422,COL5A2_HUMAN,To_add,,,422
423,CD5_HUMAN,To_add,,,423
424,INSR_HUMAN,To_add,,,424
425,LCK_HUMAN,To_add,,,425
426,FYN_HUMAN,To_add,,,426
427,CCK_HUMAN,To_add,,,427
428,HLA-DOA_HUMAN,To_add,,,428
429,PTMA_HUMAN,To_add,,,429
430,ATP5F1B_HUMAN,To_add,,,430
431,S100A9_HUMAN,To_add,,,431
432,APOA4_HUMAN,To_add,,,432
433,CD2_HUMAN,To_add,,,433
434,CEACAM5_HUMAN,To_add,,,434
435,ENO1_HUMAN,To_add,,,435
436,FCER2_HUMAN,To_add,,,436
437,GPI_HUMAN,To_add,,,437
438,ITGAV_HUMAN,To_add,,,438
439,CRH_HUMAN,To_add,,,439
440,LPL_HUMAN,To_add,,,440
441,SERPINE2_HUMAN,To_add,,,441
442,TPO_HUMAN,To_add,,,442
443,THBD_HUMAN,To_add,,,443
444,PROS1_HUMAN,To_add,,,444
445,P4HB_HUMAN,To_add,,,445
446,KLK3_HUMAN,To_add,,,446
447,ASGR1_HUMAN,To_add,,,447
448,ASGR2_HUMAN,To_add,,,448
449,CSF1R_HUMAN,To_add,,,449
450,ANXA2_HUMAN,To_add,,,450
451,GP1BA_HUMAN,To_add,,,451
452,PRSS1_HUMAN,To_add,,,452
453,PRSS2_HUMAN,To_add,,,453
454,GRP_HUMAN,To_add,,,454
455,CHRNG_HUMAN,To_add,,,455
456,ADRB2_HUMAN,To_add,,,456
457,DCN_HUMAN,To_add,,,457
458,PSAP_HUMAN,To_add,,,458
459,HSP90AA1_HUMAN,To_add,,,459
460,LAMB1_HUMAN,To_add,,,460
461,LYN_HUMAN,To_add,,,461
462,RET_HUMAN,To_add,,,462
463,THBS1_HUMAN,To_add,,,463
464,IGF1R_HUMAN,To_add,,,464
465,MSMB_HUMAN,To_add,,,465
466,COL1A2_HUMAN,To_add,,,466
467,NGFR_HUMAN,To_add,,,467
468,CD55_HUMAN,To_add,,,468
469,SLC3A2_HUMAN,To_add,,,469
470,HSP90AB1_HUMAN,To_add,,,470
471,MMP2_HUMAN,To_add,,,471
472,CTSG_HUMAN,To_add,,,472
473,INHBA_HUMAN,To_add,,,473
474,ITGA2B_HUMAN,To_add,,,474
475,LPA_HUMAN,To_add,,,475
476,CD14_HUMAN,To_add,,,476
477,COL4A2_HUMAN,To_add,,,477
478,PTPRC_HUMAN,To_add,,,478
479,MET_HUMAN,To_add,,,479
480,MELTF_HUMAN,To_add,,,480
481,ADRB1_HUMAN,To_add,,,481
482,CFH_HUMAN,To_add,,,482
483,FGF4_HUMAN,To_add,,,483
484,ITGA5_HUMAN,To_add,,,484
485,VIM_HUMAN,To_add,,,485
486,IL3_HUMAN,To_add,,,486
487,F7_HUMAN,To_add,,,487
488,GNAI3_HUMAN,To_add,,,488
489,IGFBP1_HUMAN,To_add,,,489
490,CELA3B_HUMAN,To_add,,,490
491,RPSA_HUMAN,To_add,,,491
492,IL6R_HUMAN,To_add,,,492
493,HTR1A_HUMAN,To_add,,,493
494,ADRA2A_HUMAN,To_add,,,494
495,NMB_HUMAN,To_add,,,495
496,CD63_HUMAN,To_add,,,496
497,FGF2_HUMAN,To_add,,,497
498,GSTP1_HUMAN,To_add,,,498
499,MMP7_HUMAN,To_add,,,499
500,CD48_HUMAN,To_add,,,500
501,CXCL1_HUMAN,To_add,,,501
502,LGALS1_HUMAN,To_add,,,502
503,QDPR_HUMAN,To_add,,,503
504,HMGB1_HUMAN,To_add,,,504
505,SPARC_HUMAN,To_add,,,505
506,INHBB_HUMAN,To_add,,,506
507,WNT2_HUMAN,To_add,,,507
508,CD7_HUMAN,To_add,,,508
509,CSF1_HUMAN,To_add,,,509
510,PDGFRB_HUMAN,To_add,,,510
511,GIP_HUMAN,To_add,,,511
512,SCT_HUMAN,To_add,,,512
513,CD3G_HUMAN,To_add,,,513
514,ALOX5_HUMAN,To_add,,,514
515,CSF3_HUMAN,To_add,,,515
516,C4A_HUMAN,To_add,,,516
517,C4B_2_HUMAN,To_add,,,517
518,NPS_HUMAN,To_add,,,518
519,CLEC2L_HUMAN,To_add,,,519
520,CFC1B_HUMAN,To_add,,,520
521,CFC1_HUMAN,To_add,,,521
522,UBB_HUMAN,To_add,,,522
523,UBC_HUMAN,To_add,,,523
524,SAA1_HUMAN,To_add,,,524
525,APELA_HUMAN,To_add,,,525
526,CSH1_HUMAN,To_add,,,526
527,CSH2_HUMAN,To_add,,,527
528,ADORA3_HUMAN,To_add,,,528
529,TMIGD3_HUMAN,To_add,,,529
530,HSPA1A_HUMAN,To_add,,,530
531,CGB8_HUMAN,To_add,,,531
532,CALM1_HUMAN,To_add,,,532
533,CALM2_HUMAN,To_add,,,533
534,CALM3_HUMAN,To_add,,,534
535,SLURP2_HUMAN,To_add,,,535
536,VSIG8_HUMAN,To_add,,,536
537,PYY_HUMAN,To_add,,,537
538,CALCB_HUMAN,To_add,,,538
539,SRGN_HUMAN,To_add,,,539
540,GZMB_HUMAN,To_add,,,540
541,CXCL8_HUMAN,To_add,,,541
542,CCL3_HUMAN,To_add,,,542
543,RNASE2_HUMAN,To_add,,,543
544,AR_HUMAN,To_add,,,544
545,HLA-C_HUMAN,To_add,,,545
546,SPP1_HUMAN,To_add,,,546
547,PTPRF_HUMAN,To_add,,,547
548,TGFB3_HUMAN,To_add,,,548
549,TFPI_HUMAN,To_add,,,549
550,PF4V1_HUMAN,To_add,,,550
551,KIT_HUMAN,To_add,,,551
552,RBP3_HUMAN,To_add,,,552
553,CD28_HUMAN,To_add,,,553
554,FGF6_HUMAN,To_add,,,554
555,CLU_HUMAN,To_add,,,555
556,GHR_HUMAN,To_add,,,556
557,HAPLN1_HUMAN,To_add,,,557
558,CD8B_HUMAN,To_add,,,558
559,IAPP_HUMAN,To_add,,,559
560,LAMC1_HUMAN,To_add,,,560
561,CD37_HUMAN,To_add,,,561
562,HSPA8_HUMAN,To_add,,,562
563,LIPC_HUMAN,To_add,,,563
564,SLC2A2_HUMAN,To_add,,,564
565,ITGAM_HUMAN,To_add,,,565
566,MBL2_HUMAN,To_add,,,566
567,CHRM1_HUMAN,To_add,,,567
568,CHRNB1_HUMAN,To_add,,,568
569,LAMP1_HUMAN,To_add,,,569
570,FGFR1_HUMAN,To_add,,,570
571,FGF3_HUMAN,To_add,,,571
572,SCGB1A1_HUMAN,To_add,,,572
573,IGF2R_HUMAN,To_add,,,573
574,MS4A1_HUMAN,To_add,,,574
575,CD79A_HUMAN,To_add,,,575
576,PCNA_HUMAN,To_add,,,576
577,FGF5_HUMAN,To_add,,,577
578,COL11A1_HUMAN,To_add,,,578
579,COL6A1_HUMAN,To_add,,,579
580,COL6A2_HUMAN,To_add,,,580
581,COL6A3_HUMAN,To_add,,,581
582,PTHLH_HUMAN,To_add,,,582
583,PIP_HUMAN,To_add,,,583
584,FCGR1A_HUMAN,To_add,,,584
585,FCGR2A_HUMAN,To_add,,,585
586,FCER1A_HUMAN,To_add,,,586
587,GZMA_HUMAN,To_add,,,587
588,BMP2_HUMAN,To_add,,,588
589,BMP4_HUMAN,To_add,,,589
590,BMP3_HUMAN,To_add,,,590
591,ACE_HUMAN,To_add,,,591
592,CDH1_HUMAN,To_add,,,592
593,MLN_HUMAN,To_add,,,593
594,SRC_HUMAN,To_add,,,594
595,PEPD_HUMAN,To_add,,,595
596,IFITM1_HUMAN,To_add,,,596
597,GP1BB_HUMAN,To_add,,,597
598,IL7_HUMAN,To_add,,,598
599,CCL4_HUMAN,To_add,,,599
600,TDGF1_HUMAN,To_add,,,600
601,LAMP2_HUMAN,To_add,,,601
602,BMP1_HUMAN,To_add,,,602
603,CCL2_HUMAN,To_add,,,603
604,CCL5_HUMAN,To_add,,,604
605,CFTR_HUMAN,To_add,,,605
606,NCAM1_HUMAN,To_add,,,606
607,ICAM2_HUMAN,To_add,,,607
608,VCAN_HUMAN,To_add,,,608
609,ITGA4_HUMAN,To_add,,,609
610,ATP1A3_HUMAN,To_add,,,610
611,CEACAM1_HUMAN,To_add,,,611
612,OSM_HUMAN,To_add,,,612
613,F3_HUMAN,To_add,,,613
614,HLA-E_HUMAN,To_add,,,614
615,HLA-DRB4_HUMAN,To_add,,,615
616,HLA-DOB_HUMAN,To_add,,,616
617,COL11A2_HUMAN,To_add,,,617
618,ADRB3_HUMAN,To_add,,,618
619,CD59_HUMAN,To_add,,,619
620,GFAP_HUMAN,To_add,,,620
621,EDN3_HUMAN,To_add,,,621
622,SELL_HUMAN,To_add,,,622
623,MIF_HUMAN,To_add,,,623
624,CD99_HUMAN,To_add,,,624
625,HGF_HUMAN,To_add,,,625
626,SI_HUMAN,To_add,,,626
627,DRD2_HUMAN,To_add,,,627
628,NID1_HUMAN,To_add,,,628
629,PLA2G2A_HUMAN,To_add,,,629
630,PKM_HUMAN,To_add,,,630
631,HSP90B1_HUMAN,To_add,,,631
632,GP9_HUMAN,To_add,,,632
633,IL1R1_HUMAN,To_add,,,633
634,MMP9_HUMAN,To_add,,,634
635,IL2RB_HUMAN,To_add,,,635
636,LIF_HUMAN,To_add,,,636
637,ANPEP_HUMAN,To_add,,,637
638,PVR_HUMAN,To_add,,,638
639,IL9_HUMAN,To_add,,,639
640,IFNGR1_HUMAN,To_add,,,640
641,EZR_HUMAN,To_add,,,641
642,CD19_HUMAN,To_add,,,642
643,CSF2RA_HUMAN,To_add,,,643
644,AREG_HUMAN,To_add,,,644
645,CD46_HUMAN,To_add,,,645
646,VEGFA_HUMAN,To_add,,,646
647,CD1D_HUMAN,To_add,,,647
648,ST6GAL1_HUMAN,To_add,,,648
649,MUC1_HUMAN,To_add,,,649
650,TIMP2_HUMAN,To_add,,,650
651,NPR1_HUMAN,To_add,,,651
652,CD44_HUMAN,To_add,,,652
653,SELP_HUMAN,To_add,,,653
654,ACAN_HUMAN,To_add,,,654
655,ITGB4_HUMAN,To_add,,,655
656,SPN_HUMAN,To_add,,,656
657,PDGFRA_HUMAN,To_add,,,657
658,PECAM1_HUMAN,To_add,,,658
659,KCNA2_HUMAN,To_add,,,659
660,CTLA4_HUMAN,To_add,,,660
661,EPCAM_HUMAN,To_add,,,661
662,PRLR_HUMAN,To_add,,,662
663,TSHR_HUMAN,To_add,,,663
664,GNB3_HUMAN,To_add,,,664
665,CRISP2_HUMAN,To_add,,,665
666,SELE_HUMAN,To_add,,,666
667,CCL3L1_HUMAN,To_add,,,667
668,CD36_HUMAN,To_add,,,668
669,NPPB_HUMAN,To_add,,,669
670,IL7R_HUMAN,To_add,,,670
671,IFNAR1_HUMAN,To_add,,,671
672,BPI_HUMAN,To_add,,,672
673,ITGA2_HUMAN,To_add,,,673
674,NPR3_HUMAN,To_add,,,674
675,HLA-G_HUMAN,To_add,,,675
676,TPH1_HUMAN,To_add,,,676
677,CHRNB2_HUMAN,To_add,,,677
678,ENG_HUMAN,To_add,,,678
679,CR1_HUMAN,To_add,,,679
680,LGALS3_HUMAN,To_add,,,680
681,IGFBP3_HUMAN,To_add,,,681
682,FLT1_HUMAN,To_add,,,682
683,IGFBP2_HUMAN,To_add,,,683
684,BMP7_HUMAN,To_add,,,684
685,ITGB5_HUMAN,To_add,,,685
686,ARF4_HUMAN,To_add,,,686
687,ADRA2B_HUMAN,To_add,,,687
688,VCL_HUMAN,To_add,,,688
689,PTPRA_HUMAN,To_add,,,689
690,ADCYAP1_HUMAN,To_add,,,690
691,IL1RN_HUMAN,To_add,,,691
692,ITGB6_HUMAN,To_add,,,692
693,LAG3_HUMAN,To_add,,,693
694,SDC1_HUMAN,To_add,,,694
695,PAM_HUMAN,To_add,,,695
696,CDH2_HUMAN,To_add,,,696
697,HDC_HUMAN,To_add,,,697
698,EPOR_HUMAN,To_add,,,698
699,CD58_HUMAN,To_add,,,699
700,VCAM1_HUMAN,To_add,,,700
701,CD53_HUMAN,To_add,,,701
702,TNFRSF1A_HUMAN,To_add,,,702
703,GGT1_HUMAN,To_add,,,703
704,RXRA_HUMAN,To_add,,,704
705,ITIH2_HUMAN,To_add,,,705
706,CEL_HUMAN,To_add,,,706
707,CXCL2_HUMAN,To_add,,,707
708,CXCL3_HUMAN,To_add,,,708
709,FST_HUMAN,To_add,,,709
710,PI3_HUMAN,To_add,,,710
711,CR2_HUMAN,To_add,,,711
712,HLA-DPA1_HUMAN,To_add,,,712
713,TCN1_HUMAN,To_add,,,713
714,TCN2_HUMAN,To_add,,,714
715,CD33_HUMAN,To_add,,,715
716,TPSB2_HUMAN,To_add,,,716
717,CD22_HUMAN,To_add,,,717
718,ALOX5AP_HUMAN,To_add,,,718
719,CHRM3_HUMAN,To_add,,,719
720,TNFRSF1B_HUMAN,To_add,,,720
721,TAC1_HUMAN,To_add,,,721
722,PMCH_HUMAN,To_add,,,722
723,TRH_HUMAN,To_add,,,723
724,NPR2_HUMAN,To_add,,,724
725,ITGAL_HUMAN,To_add,,,725
726,ITGAX_HUMAN,To_add,,,726
727,OGN_HUMAN,To_add,,,727
728,NTF3_HUMAN,To_add,,,728
729,EDN2_HUMAN,To_add,,,729
730,IL11_HUMAN,To_add,,,730
731,EFNA1_HUMAN,To_add,,,731
732,COL9A1_HUMAN,To_add,,,732
733,COL5A1_HUMAN,To_add,,,733
734,MAG_HUMAN,To_add,,,734
735,PTN_HUMAN,To_add,,,735
736,FLNA_HUMAN,To_add,,,736
737,TACR2_HUMAN,To_add,,,737
738,S1PR1_HUMAN,To_add,,,738
739,FPR1_HUMAN,To_add,,,739
740,CNR1_HUMAN,To_add,,,740
741,SYT1_HUMAN,To_add,,,741
742,KITLG_HUMAN,To_add,,,742
743,NT5E_HUMAN,To_add,,,743
744,EPHA1_HUMAN,To_add,,,744
745,C5AR1_HUMAN,To_add,,,745
746,TBXA2R_HUMAN,To_add,,,746
747,MDK_HUMAN,To_add,,,747
748,ZP3_HUMAN,To_add,,,748
749,FGF7_HUMAN,To_add,,,749
750,FGFR2_HUMAN,To_add,,,750
751,BGN_HUMAN,To_add,,,751
752,IBSP_HUMAN,To_add,,,752
753,RYR1_HUMAN,To_add,,,753
754,CD72_HUMAN,To_add,,,754
755,ERBB3_HUMAN,To_add,,,755
756,CD9_HUMAN,To_add,,,756
757,MATN1_HUMAN,To_add,,,757
758,TGM2_HUMAN,To_add,,,758
759,KCNA3_HUMAN,To_add,,,759
760,BMP5_HUMAN,To_add,,,760
761,BMP6_HUMAN,To_add,,,761
762,TNXB_HUMAN,To_add,,,762
763,IL10_HUMAN,To_add,,,763
764,CCL1_HUMAN,To_add,,,764
765,ENPP1_HUMAN,To_add,,,765
766,FGFR4_HUMAN,To_add,,,766
767,GAL_HUMAN,To_add,,,767
768,FGFR3_HUMAN,To_add,,,768
769,CBL_HUMAN,To_add,,,769
770,IGFBP4_HUMAN,To_add,,,770
771,LHCGR_HUMAN,To_add,,,771
772,MRC1_HUMAN,To_add,,,772
773,FBLN1_HUMAN,To_add,,,773
774,ITGA6_HUMAN,To_add,,,774
775,KEL_HUMAN,To_add,,,775
776,S100A1_HUMAN,To_add,,,776
777,ANOS1_HUMAN,To_add,,,777
778,GLRA2_HUMAN,To_add,,,778
779,JAK1_HUMAN,To_add,,,779
780,PTPRB_HUMAN,To_add,,,780
781,PTPRD_HUMAN,To_add,,,781
782,PTPRG_HUMAN,To_add,,,782
783,PTPRZ1_HUMAN,To_add,,,783
784,TNFSF4_HUMAN,To_add,,,784
785,OMG_HUMAN,To_add,,,785
786,BDNF_HUMAN,To_add,,,786
787,NPPC_HUMAN,To_add,,,787
788,FSHR_HUMAN,To_add,,,788
789,IL32_HUMAN,To_add,,,789
790,LAMA2_HUMAN,To_add,,,790
791,FCAR_HUMAN,To_add,,,791
792,IL4R_HUMAN,To_add,,,792
793,EDNRB_HUMAN,To_add,,,793
794,IGFBP6_HUMAN,To_add,,,794
795,IGFBP5_HUMAN,To_add,,,795
796,TNC_HUMAN,To_add,,,796
797,MYL9_HUMAN,To_add,,,797
798,HRH2_HUMAN,To_add,,,798
799,CXCR1_HUMAN,To_add,,,799
800,CXCR2_HUMAN,To_add,,,800
801,APC_HUMAN,To_add,,,801
802,CD24_HUMAN,To_add,,,802
803,COL8A2_HUMAN,To_add,,,803
804,FPR3_HUMAN,To_add,,,804
805,FPR2_HUMAN,To_add,,,805
806,GUCY2C_HUMAN,To_add,,,806
807,GRK2_HUMAN,To_add,,,807
808,EDNRA_HUMAN,To_add,,,808
809,TACR1_HUMAN,To_add,,,809
810,PTAFR_HUMAN,To_add,,,810
811,ACKR3_HUMAN,To_add,,,811
812,F2R_HUMAN,To_add,,,812
813,MPZ_HUMAN,To_add,,,813
814,AZGP1_HUMAN,To_add,,,814
815,LAMA1_HUMAN,To_add,,,815
816,FAS_HUMAN,To_add,,,816
817,NPY1R_HUMAN,To_add,,,817
818,COL5A3_HUMAN,To_add,,,818
819,CD40_HUMAN,To_add,,,819
820,ITGA3_HUMAN,To_add,,,820
821,ITGB7_HUMAN,To_add,,,821
822,ITGB8_HUMAN,To_add,,,822
823,MSN_HUMAN,To_add,,,823
824,CNTF_HUMAN,To_add,,,824
825,S100A4_HUMAN,To_add,,,825
826,KLRC1_HUMAN,To_add,,,826
827,KLRC2_HUMAN,To_add,,,827
828,KLRK1_HUMAN,To_add,,,828
829,CD27_HUMAN,To_add,,,829
830,MST1_HUMAN,To_add,,,830
831,IL3RA_HUMAN,To_add,,,831
832,CNTFR_HUMAN,To_add,,,832
833,ACVR2A_HUMAN,To_add,,,833
834,YWHAQ_HUMAN,To_add,,,834
835,CALML3_HUMAN,To_add,,,835
836,DPP4_HUMAN,To_add,,,836
837,GDF1_HUMAN,To_add,,,837
838,COL8A1_HUMAN,To_add,,,838
839,CD82_HUMAN,To_add,,,839
840,CALR_HUMAN,To_add,,,840
841,CANX_HUMAN,To_add,,,841
842,CFP_HUMAN,To_add,,,842
843,IL1R2_HUMAN,To_add,,,843
844,PIK3R1_HUMAN,To_add,,,844
845,HLA-DMA_HUMAN,To_add,,,845
846,HLA-DMB_HUMAN,To_add,,,846
847,GSTM2_HUMAN,To_add,,,847
848,HTR1D_HUMAN,To_add,,,848
849,HTR1B_HUMAN,To_add,,,849
850,HTR2A_HUMAN,To_add,,,850
851,HTR2C_HUMAN,To_add,,,851
852,NMBR_HUMAN,To_add,,,852
853,MAPK1_HUMAN,To_add,,,853
854,HTR1E_HUMAN,To_add,,,854
855,GRN_HUMAN,To_add,,,855
856,PTPRM_HUMAN,To_add,,,856
857,CD34_HUMAN,To_add,,,857
858,CD38_HUMAN,To_add,,,858
859,TNFRSF8_HUMAN,To_add,,,859
860,CD1B_HUMAN,To_add,,,860
861,ADORA2A_HUMAN,To_add,,,861
862,ADORA2B_HUMAN,To_add,,,862
863,CCN2_HUMAN,To_add,,,863
864,EPHA2_HUMAN,To_add,,,864
865,EPHA3_HUMAN,To_add,,,865
866,EPHA8_HUMAN,To_add,,,866
867,EPHB2_HUMAN,To_add,,,867
868,PTPN6_HUMAN,To_add,,,868
869,TACR3_HUMAN,To_add,,,869
870,LTK_HUMAN,To_add,,,870
871,COL4A5_HUMAN,To_add,,,871
872,IL12A_HUMAN,To_add,,,872
873,IL12B_HUMAN,To_add,,,873
874,TYK2_HUMAN,To_add,,,874
875,CD40LG_HUMAN,To_add,,,875
876,AQP1_HUMAN,To_add,,,876
877,GNA11_HUMAN,To_add,,,877
878,CD6_HUMAN,To_add,,,878
879,MIP_HUMAN,To_add,,,879
880,BDKRB2_HUMAN,To_add,,,880
881,HLA-F_HUMAN,To_add,,,881
882,AVPR2_HUMAN,To_add,,,882
883,AXL_HUMAN,To_add,,,883
884,CHRNA5_HUMAN,To_add,,,884
885,LRPAP1_HUMAN,To_add,,,885
886,ADORA1_HUMAN,To_add,,,886
887,GRPR_HUMAN,To_add,,,887
888,AGTR1_HUMAN,To_add,,,888
889,OXTR_HUMAN,To_add,,,889
890,GNA15_HUMAN,To_add,,,890
891,SLC7A1_HUMAN,To_add,,,891
892,SSTR1_HUMAN,To_add,,,892
893,SSTR2_HUMAN,To_add,,,893
894,CHRNB4_HUMAN,To_add,,,894
895,HTR1F_HUMAN,To_add,,,895
896,OR1E1_HUMAN,To_add,,,896
897,GNRHR_HUMAN,To_add,,,897
898,CALCR_HUMAN,To_add,,,898
899,NTSR1_HUMAN,To_add,,,899
900,NTS_HUMAN,To_add,,,900
901,LCN1_HUMAN,To_add,,,901
902,CD52_HUMAN,To_add,,,902
903,FGF9_HUMAN,To_add,,,903
904,SSTR4_HUMAN,To_add,,,904
905,SDC4_HUMAN,To_add,,,905
906,IL2RG_HUMAN,To_add,,,906
907,CEACAM8_HUMAN,To_add,,,907
908,L1CAM_HUMAN,To_add,,,908
909,ARRB2_HUMAN,To_add,,,909
910,CCKAR_HUMAN,To_add,,,910
911,CCKBR_HUMAN,To_add,,,911
912,VIPR1_HUMAN,To_add,,,912
913,MC4R_HUMAN,To_add,,,913
914,CCR1_HUMAN,To_add,,,914
915,BRS3_HUMAN,To_add,,,915
916,CCR7_HUMAN,To_add,,,916
917,CHRNA3_HUMAN,To_add,,,917
918,CXCR5_HUMAN,To_add,,,918
919,SSTR3_HUMAN,To_add,,,919
920,IFNA8_HUMAN,To_add,,,920
921,DSG3_HUMAN,To_add,,,921
922,CSF2RB_HUMAN,To_add,,,922
923,ICAM3_HUMAN,To_add,,,923
924,CD70_HUMAN,To_add,,,924
925,TNFSF8_HUMAN,To_add,,,925
926,MC5R_HUMAN,To_add,,,926
927,CDH5_HUMAN,To_add,,,927
928,CD80_HUMAN,To_add,,,928
929,NTF4_HUMAN,To_add,,,929
930,SDC2_HUMAN,To_add,,,930
931,CD68_HUMAN,To_add,,,931
932,BMP8B_HUMAN,To_add,,,932
933,RYK_HUMAN,To_add,,,933
934,HSPA4_HUMAN,To_add,,,934
935,GRK5_HUMAN,To_add,,,935
936,HTR7_HUMAN,To_add,,,936
937,CNR2_HUMAN,To_add,,,937
938,TRHR_HUMAN,To_add,,,938
939,CRHR1_HUMAN,To_add,,,939
940,PRSS3_HUMAN,To_add,,,940
941,GPC1_HUMAN,To_add,,,941
942,BTC_HUMAN,To_add,,,942
943,CTNNB1_HUMAN,To_add,,,943
944,IL13_HUMAN,To_add,,,944
945,SFTPD_HUMAN,To_add,,,945
946,ADM_HUMAN,To_add,,,946
947,SSTR5_HUMAN,To_add,,,947
948,ADRA1A_HUMAN,To_add,,,948
949,PTGS2_HUMAN,To_add,,,949
950,HRH1_HUMAN,To_add,,,950
951,ADRA1B_HUMAN,To_add,,,951
952,OPRM1_HUMAN,To_add,,,952
953,PTGER4_HUMAN,To_add,,,953
954,APLNR_HUMAN,To_add,,,954
955,THBS2_HUMAN,To_add,,,955
956,THBS4_HUMAN,To_add,,,956
957,DRD3_HUMAN,To_add,,,957
958,SCN4A_HUMAN,To_add,,,958
959,FBN1_HUMAN,To_add,,,959
960,TIE1_HUMAN,To_add,,,960
961,BSG_HUMAN,To_add,,,961
962,TIMP3_HUMAN,To_add,,,962
963,FLT4_HUMAN,To_add,,,963
964,KDR_HUMAN,To_add,,,964
965,SLC16A2_HUMAN,To_add,,,965
966,GGT2_HUMAN,To_add,,,966
967,CHRNA7_HUMAN,To_add,,,967
968,FLT3_HUMAN,To_add,,,968
969,BMPR1A_HUMAN,To_add,,,969
970,ACVR1B_HUMAN,To_add,,,970
971,TGFBR1_HUMAN,To_add,,,971
972,LTBR_HUMAN,To_add,,,972
973,SERPINF1_HUMAN,To_add,,,973
974,ACVRL1_HUMAN,To_add,,,974
975,TGFBR2_HUMAN,To_add,,,975
976,PIGA_HUMAN,To_add,,,976
977,AVPR1A_HUMAN,To_add,,,977
978,SNCA_HUMAN,To_add,,,978
979,IFNGR2_HUMAN,To_add,,,979
980,ITGAE_HUMAN,To_add,,,980
981,RPS19_HUMAN,To_add,,,981
982,COL18A1_HUMAN,To_add,,,982
983,MMP12_HUMAN,To_add,,,983
984,GDNF_HUMAN,To_add,,,984
985,ADCY8_HUMAN,To_add,,,985
986,IL6ST_HUMAN,To_add,,,986
987,GP5_HUMAN,To_add,,,987
988,CEACAM3_HUMAN,To_add,,,988
989,CEACAM6_HUMAN,To_add,,,989
990,CD96_HUMAN,To_add,,,990
991,TXLNA_HUMAN,To_add,,,991
992,THPO_HUMAN,To_add,,,992
993,MPL_HUMAN,To_add,,,993
994,CD79B_HUMAN,To_add,,,994
995,IL15_HUMAN,To_add,,,995
996,OPRD1_HUMAN,To_add,,,996
997,OPRK1_HUMAN,To_add,,,997
998,OPRL1_HUMAN,To_add,,,998
999,LEP_HUMAN,To_add,,,999
1000,ETV5_HUMAN,To_add,,,1000
1001,CASR_HUMAN,To_add,,,1001
1002,CD200_HUMAN,To_add,,,1002
1003,WNT5A_HUMAN,To_add,,,1003
1004,NBL1_HUMAN,To_add,,,1004
1005,TNFSF9_HUMAN,To_add,,,1005
1006,ADCYAP1R1_HUMAN,To_add,,,1006
1007,VIPR2_HUMAN,To_add,,,1007
1008,GRM5_HUMAN,To_add,,,1008
1009,HTR2B_HUMAN,To_add,,,1009
1010,CCR2_HUMAN,To_add,,,1010
1011,MC3R_HUMAN,To_add,,,1011
1012,CD86_HUMAN,To_add,,,1012
1013,ASIP_HUMAN,To_add,,,1013
1014,PIK3CA_HUMAN,To_add,,,1014
1015,IL12RB1_HUMAN,To_add,,,1015
1016,LIFR_HUMAN,To_add,,,1016
1017,CXCL5_HUMAN,To_add,,,1017
1018,GDF5_HUMAN,To_add,,,1018
1019,GUCA1A_HUMAN,To_add,,,1019
1020,PTGER2_HUMAN,To_add,,,1020
1021,PTGIR_HUMAN,To_add,,,1021
1022,MCAM_HUMAN,To_add,,,1022
1023,DCC_HUMAN,To_add,,,1023
1024,GLP1R_HUMAN,To_add,,,1024
1025,SYK_HUMAN,To_add,,,1025
1026,TNFRSF4_HUMAN,To_add,,,1026
1027,NAMPT_HUMAN,To_add,,,1027
1028,KIR2DL1_HUMAN,To_add,,,1028
1029,KIR2DL2_HUMAN,To_add,,,1029
1030,KIR2DL3_HUMAN,To_add,,,1030
1031,KIR3DL1_HUMAN,To_add,,,1031
1032,KIR3DL2_HUMAN,To_add,,,1032
1033,KIR2DS2_HUMAN,To_add,,,1033
1034,KIR2DS4_HUMAN,To_add,,,1034
1035,CHRNA4_HUMAN,To_add,,,1035
1036,MMP13_HUMAN,To_add,,,1036
1037,CMKLR2_HUMAN,To_add,,,1037
1038,CCR10_HUMAN,To_add,,,1038
1039,XCR1_HUMAN,To_add,,,1039
1040,CRKL_HUMAN,To_add,,,1040
1041,BAG6_HUMAN,To_add,,,1041
1042,NOTCH1_HUMAN,To_add,,,1042
1043,BDKRB1_HUMAN,To_add,,,1043
1044,GALR1_HUMAN,To_add,,,1044
1045,GABRB2_HUMAN,To_add,,,1045
1046,GCGR_HUMAN,To_add,,,1046
1047,SCTR_HUMAN,To_add,,,1047
1048,OR1G1_HUMAN,To_add,,,1048
1049,HTR5A_HUMAN,To_add,,,1049
1050,AVPR1B_HUMAN,To_add,,,1050
1051,NPTX2_HUMAN,To_add,,,1051
1052,XCL1_HUMAN,To_add,,,1052
1053,FASLG_HUMAN,To_add,,,1053
1054,SLC6A8_HUMAN,To_add,,,1054
1055,MTNR1A_HUMAN,To_add,,,1055
1056,KCNJ4_HUMAN,To_add,,,1056
1057,CXCL12_HUMAN,To_add,,,1057
1058,NPBWR1_HUMAN,To_add,,,1058
1059,NPBWR2_HUMAN,To_add,,,1059
1060,LEPR_HUMAN,To_add,,,1060
1061,CD151_HUMAN,To_add,,,1061
1062,GIPR_HUMAN,To_add,,,1062
1063,IFNAR2_HUMAN,To_add,,,1063
1064,NMU_HUMAN,To_add,,,1064
1065,PTDSS1_HUMAN,To_add,,,1065
1066,CCN3_HUMAN,To_add,,,1066
1067,ADGRE5_HUMAN,To_add,,,1067
1068,NPY2R_HUMAN,To_add,,,1068
1069,PTH2R_HUMAN,To_add,,,1069
1070,CX3CR1_HUMAN,To_add,,,1070
1071,LMAN1_HUMAN,To_add,,,1071
1072,MTNR1B_HUMAN,To_add,,,1072
1073,CXCR3_HUMAN,To_add,,,1073
1074,PRLHR_HUMAN,To_add,,,1074
1075,GPR15_HUMAN,To_add,,,1075
1076,THBS3_HUMAN,To_add,,,1076
1077,COMP_HUMAN,To_add,,,1077
1078,PGF_HUMAN,To_add,,,1078
1079,VEGFB_HUMAN,To_add,,,1079
1080,VEGFC_HUMAN,To_add,,,1080
1081,PSEN1_HUMAN,To_add,,,1081
1082,FLT3LG_HUMAN,To_add,,,1082
1083,RARRES1_HUMAN,To_add,,,1083
1084,RGS19_HUMAN,To_add,,,1084
1085,CAMP_HUMAN,To_add,,,1085
1086,ENTPD1_HUMAN,To_add,,,1086
1087,AGTR2_HUMAN,To_add,,,1087
1088,MMP14_HUMAN,To_add,,,1088
1089,NPY4R_HUMAN,To_add,,,1089
1090,HTR6_HUMAN,To_add,,,1090
1091,VASP_HUMAN,To_add,,,1091
1092,TNFSF10_HUMAN,To_add,,,1092
1093,BCAM_HUMAN,To_add,,,1093
1094,INSL3_HUMAN,To_add,,,1094
1095,MMP15_HUMAN,To_add,,,1095
1096,MMP16_HUMAN,To_add,,,1096
1097,GPC3_HUMAN,To_add,,,1097
1098,CCL11_HUMAN,To_add,,,1098
1099,CCR3_HUMAN,To_add,,,1099
1100,CCR4_HUMAN,To_add,,,1100
1101,CCR5_HUMAN,To_add,,,1101
1102,CCR6_HUMAN,To_add,,,1102
1103,CCR8_HUMAN,To_add,,,1103
1104,CCR9_HUMAN,To_add,,,1104
1105,APLP1_HUMAN,To_add,,,1105
1106,KCNQ1_HUMAN,To_add,,,1106
1107,PLXNA3_HUMAN,To_add,,,1107
1108,ADCY7_HUMAN,To_add,,,1108
1109,GUCY2F_HUMAN,To_add,,,1109
1110,LUM_HUMAN,To_add,,,1110
1111,EFNA3_HUMAN,To_add,,,1111
1112,EFNA4_HUMAN,To_add,,,1112
1113,EFNB2_HUMAN,To_add,,,1113
1114,EFNA5_HUMAN,To_add,,,1114
1115,PDX1_HUMAN,To_add,,,1115
1116,ART1_HUMAN,To_add,,,1116
1117,COL4A4_HUMAN,To_add,,,1117
1118,COPA_HUMAN,To_add,,,1118
1119,ITGA8_HUMAN,To_add,,,1119
1120,SLC16A1_HUMAN,To_add,,,1120
1121,CRISP3_HUMAN,To_add,,,1121
1122,YARS1_HUMAN,To_add,,,1122
1123,PDE1A_HUMAN,To_add,,,1123
1124,EPHB3_HUMAN,To_add,,,1124
1125,EPHA5_HUMAN,To_add,,,1125
1126,EPHB4_HUMAN,To_add,,,1126
1127,EPHB1_HUMAN,To_add,,,1127
1128,EPHA4_HUMAN,To_add,,,1128
1129,SLURP1_HUMAN,To_add,,,1129
1130,MFAP2_HUMAN,To_add,,,1130
1131,APOC4_HUMAN,To_add,,,1131
1132,PLTP_HUMAN,To_add,,,1132
1133,AQP5_HUMAN,To_add,,,1133
1134,FGF8_HUMAN,To_add,,,1134
1135,F2RL1_HUMAN,To_add,,,1135
1136,UCN_HUMAN,To_add,,,1136
1137,INHBC_HUMAN,To_add,,,1137
1138,GDF10_HUMAN,To_add,,,1138
1139,MTTP_HUMAN,To_add,,,1139
1140,AFDN_HUMAN,To_add,,,1140
1141,LAMB2_HUMAN,To_add,,,1141
1142,CDH6_HUMAN,To_add,,,1142
1143,CDH11_HUMAN,To_add,,,1143
1144,CDH13_HUMAN,To_add,,,1144
1145,CCL23_HUMAN,To_add,,,1145
1146,CCL18_HUMAN,To_add,,,1146
1147,FCGRT_HUMAN,To_add,,,1147
1148,GFRA1_HUMAN,To_add,,,1148
1149,ITGA1_HUMAN,To_add,,,1149
1150,WNT3_HUMAN,To_add,,,1150
1151,WNT3A_HUMAN,To_add,,,1151
1152,WNT4_HUMAN,To_add,,,1152
1153,WNT7B_HUMAN,To_add,,,1153
1154,CLDN6_HUMAN,To_add,,,1154
1155,CLDN8_HUMAN,To_add,,,1155
1156,BACE1_HUMAN,To_add,,,1156
1157,NRG3_HUMAN,To_add,,,1157
1158,SLC37A1_HUMAN,To_add,,,1158
1159,JAM2_HUMAN,To_add,,,1159
1160,CLDN2_HUMAN,To_add,,,1160
1161,INHBE_HUMAN,To_add,,,1161
1162,PROK1_HUMAN,To_add,,,1162
1163,NRXN1_HUMAN,To_add,,,1163
1164,NRXN2_HUMAN,To_add,,,1164
1165,NXPH1_HUMAN,To_add,,,1165
1166,FAM3B_HUMAN,To_add,,,1166
1167,LILRA4_HUMAN,To_add,,,1167
1168,DEFB1_HUMAN,To_add,,,1168
1169,CD81_HUMAN,To_add,,,1169
1170,IL2_HUMAN,To_add,,,1170
1171,S100A10_HUMAN,To_add,,,1171
1172,CXCR4_HUMAN,To_add,,,1172
1173,ACTR2_HUMAN,To_add,,,1173
1174,SST_HUMAN,To_add,,,1174
1175,FGF12_HUMAN,To_add,,,1175
1176,OSTN_HUMAN,To_add,,,1176
1177,LYZ_HUMAN,To_add,,,1177
1178,B2M_HUMAN,To_add,,,1178
1179,TGFB2_HUMAN,To_add,,,1179
1180,HNRNPK_HUMAN,To_add,,,1180
1181,TSPAN5_HUMAN,To_add,,,1181
1182,ARF6_HUMAN,To_add,,,1182
1183,GNB1_HUMAN,To_add,,,1183
1184,RPS27A_HUMAN,To_add,,,1184
1185,UBA52_HUMAN,To_add,,,1185
1186,GNAI1_HUMAN,To_add,,,1186
1187,RACK1_HUMAN,To_add,,,1187
1188,YBX1_HUMAN,To_add,,,1188
1189,CXADR_HUMAN,To_add,,,1189
1190,SIRPA_HUMAN,To_add,,,1190
1191,CNTNAP1_HUMAN,To_add,,,1191
1192,OLR1_HUMAN,To_add,,,1192
1193,BTN3A2_HUMAN,To_add,,,1193
1194,GSTO1_HUMAN,To_add,,,1194
1195,CX3CL1_HUMAN,To_add,,,1195
1196,JAG1_HUMAN,To_add,,,1196
1197,KCNJ10_HUMAN,To_add,,,1197
1198,RELN_HUMAN,To_add,,,1198
1199,ADAM17_HUMAN,To_add,,,1199
1200,IL13RA1_HUMAN,To_add,,,1200
1201,CCL20_HUMAN,To_add,,,1201
1202,PHEX_HUMAN,To_add,,,1202
1203,HLA-DRB3_HUMAN,To_add,,,1203
1204,CCL8_HUMAN,To_add,,,1204
1205,CCL7_HUMAN,To_add,,,1205
1206,CXCL6_HUMAN,To_add,,,1206
1207,LCN2_HUMAN,To_add,,,1207
1208,NUCB2_HUMAN,To_add,,,1208
1209,DLK1_HUMAN,To_add,,,1209
1210,S100A12_HUMAN,To_add,,,1210
1211,PRLH_HUMAN,To_add,,,1211
1212,DEFB103A_HUMAN,To_add,,,1212
1213,QRFP_HUMAN,To_add,,,1213
1214,SMAD3_HUMAN,To_add,,,1214
1215,ARF1_HUMAN,To_add,,,1215
1216,MUC5AC_HUMAN,To_add,,,1216
1217,FBLN2_HUMAN,To_add,,,1217
1218,VLDLR_HUMAN,To_add,,,1218
1219,HSPG2_HUMAN,To_add,,,1219
1220,LRP2_HUMAN,To_add,,,1220
1221,EFNB1_HUMAN,To_add,,,1221
1222,PPP2R2B_HUMAN,To_add,,,1222
1223,NDP_HUMAN,To_add,,,1223
1224,PSG9_HUMAN,To_add,,,1224
1225,PSG4_HUMAN,To_add,,,1225
1226,PSG6_HUMAN,To_add,,,1226
1227,BEX3_HUMAN,To_add,,,1227
1228,PDE1B_HUMAN,To_add,,,1228
1229,IL9R_HUMAN,To_add,,,1229
1230,CD83_HUMAN,To_add,,,1230
1231,IL5RA_HUMAN,To_add,,,1231
1232,FABP5_HUMAN,To_add,,,1232
1233,CAP1_HUMAN,To_add,,,1233
1234,IL1RL1_HUMAN,To_add,,,1234
1235,SLC7A5_HUMAN,To_add,,,1235
1236,MC2R_HUMAN,To_add,,,1236
1237,MC1R_HUMAN,To_add,,,1237
1238,COL4A3_HUMAN,To_add,,,1238
1239,ROR1_HUMAN,To_add,,,1239
1240,ROR2_HUMAN,To_add,,,1240
1241,RHAG_HUMAN,To_add,,,1241
1242,TNFRSF17_HUMAN,To_add,,,1242
1243,CNTN2_HUMAN,To_add,,,1243
1244,NRG1_HUMAN,To_add,,,1244
1245,COL7A1_HUMAN,To_add,,,1245
1246,DSG1_HUMAN,To_add,,,1246
1247,DSC2_HUMAN,To_add,,,1247
1248,GHRHR_HUMAN,To_add,,,1248
1249,GUCA2A_HUMAN,To_add,,,1249
1250,TEK_HUMAN,To_add,,,1250
1251,MUC2_HUMAN,To_add,,,1251
1252,GUCY2D_HUMAN,To_add,,,1252
1253,CAV1_HUMAN,To_add,,,1253
1254,TGFBR3_HUMAN,To_add,,,1254
1255,TFF2_HUMAN,To_add,,,1255
1256,PLAUR_HUMAN,To_add,,,1256
1257,PTH1R_HUMAN,To_add,,,1257
1258,COL10A1_HUMAN,To_add,,,1258
1259,NOTCH2_HUMAN,To_add,,,1259
1260,ACVR1_HUMAN,To_add,,,1260
1261,CHRNE_HUMAN,To_add,,,1261
1262,MST1R_HUMAN,To_add,,,1262
1263,PTK2_HUMAN,To_add,,,1263
1264,COL14A1_HUMAN,To_add,,,1264
1265,CHRNB3_HUMAN,To_add,,,1265
1266,PTPN11_HUMAN,To_add,,,1266
1267,BTK_HUMAN,To_add,,,1267
1268,TYRO3_HUMAN,To_add,,,1268
1269,APLP2_HUMAN,To_add,,,1269
1270,LTB_HUMAN,To_add,,,1270
1271,FMOD_HUMAN,To_add,,,1271
1272,CHRND_HUMAN,To_add,,,1272
1273,TNFRSF9_HUMAN,To_add,,,1273
1274,C1QBP_HUMAN,To_add,,,1274
1275,ENPEP_HUMAN,To_add,,,1275
1276,COL16A1_HUMAN,To_add,,,1276
1277,CD69_HUMAN,To_add,,,1277
1278,TJP1_HUMAN,To_add,,,1278
1279,CXCL9_HUMAN,To_add,,,1279
1280,PIGF_HUMAN,To_add,,,1280
1281,KLRC3_HUMAN,To_add,,,1281
1282,TFF3_HUMAN,To_add,,,1282
1283,LRP1_HUMAN,To_add,,,1283
1284,IL10RB_HUMAN,To_add,,,1284
1285,DDR1_HUMAN,To_add,,,1285
1286,LGALS3BP_HUMAN,To_add,,,1286
1287,MFGE8_HUMAN,To_add,,,1287
1288,DSC1_HUMAN,To_add,,,1288
1289,SPAG11B_HUMAN,To_add,,,1289
1290,CD300C_HUMAN,To_add,,,1290
1291,CD47_HUMAN,To_add,,,1291
1292,ADCY1_HUMAN,To_add,,,1292
1293,FGL1_HUMAN,To_add,,,1293
1294,SIGLEC14_HUMAN,To_add,,,1294
1295,KCNA1_HUMAN,To_add,,,1295
1296,DBP_HUMAN,To_add,,,1296
1297,BST1_HUMAN,To_add,,,1297
1298,BST2_HUMAN,To_add,,,1298
1299,EFEMP1_HUMAN,To_add,,,1299
1300,FSTL1_HUMAN,To_add,,,1300
1301,STX4_HUMAN,To_add,,,1301
1302,CNTN1_HUMAN,To_add,,,1302
1303,MERTK_HUMAN,To_add,,,1303
1304,GRIN2A_HUMAN,To_add,,,1304
1305,FAP_HUMAN,To_add,,,1305
1306,AIMP1_HUMAN,To_add,,,1306
1307,PTPRJ_HUMAN,To_add,,,1307
1308,KLRB1_HUMAN,To_add,,,1308
1309,TRAF2_HUMAN,To_add,,,1309
1310,IL24_HUMAN,To_add,,,1310
1311,PLA2R1_HUMAN,To_add,,,1311
1312,PSG7_HUMAN,To_add,,,1312
1313,TRAF3_HUMAN,To_add,,,1313
1314,RLF_HUMAN,To_add,,,1314
1315,BAMBI_HUMAN,To_add,,,1315
1316,FADD_HUMAN,To_add,,,1316
1317,SEMA3B_HUMAN,To_add,,,1317
1318,GRIN2B_HUMAN,To_add,,,1318
1319,KLRD1_HUMAN,To_add,,,1319
1320,NOG_HUMAN,To_add,,,1320
1321,GRM1_HUMAN,To_add,,,1321
1322,PTGDR_HUMAN,To_add,,,1322
1323,IL15RA_HUMAN,To_add,,,1323
1324,SEMA3F_HUMAN,To_add,,,1324
1325,STX3_HUMAN,To_add,,,1325
1326,SLAMF1_HUMAN,To_add,,,1326
1327,PTK7_HUMAN,To_add,,,1327
1328,DMP1_HUMAN,To_add,,,1328
1329,CRHR2_HUMAN,To_add,,,1329
1330,SGCG_HUMAN,To_add,,,1330
1331,PTPRS_HUMAN,To_add,,,1331
1332,ITGAD_HUMAN,To_add,,,1332
1333,ITGB3BP_HUMAN,To_add,,,1333
1334,MFAP5_HUMAN,To_add,,,1334
1335,PLD1_HUMAN,To_add,,,1335
1336,BTN1A1_HUMAN,To_add,,,1336
1337,PDAP1_HUMAN,To_add,,,1337
1338,ADAM9_HUMAN,To_add,,,1338
1339,ADAM15_HUMAN,To_add,,,1339
1340,LSAMP_HUMAN,To_add,,,1340
1341,FZD5_HUMAN,To_add,,,1341
1342,MADCAM1_HUMAN,To_add,,,1342
1343,IL18R1_HUMAN,To_add,,,1343
1344,TRPC3_HUMAN,To_add,,,1344
1345,PNOC_HUMAN,To_add,,,1345
1346,AQP6_HUMAN,To_add,,,1346
1347,RIPK1_HUMAN,To_add,,,1347
1348,SEMA5A_HUMAN,To_add,,,1348
1349,PTCH1_HUMAN,To_add,,,1349
1350,HTR4_HUMAN,To_add,,,1350
1351,IL10RA_HUMAN,To_add,,,1351
1352,ITGA7_HUMAN,To_add,,,1352
1353,ACVR2B_HUMAN,To_add,,,1353
1354,ALCAM_HUMAN,To_add,,,1354
1355,LAMB3_HUMAN,To_add,,,1355
1356,LAMC2_HUMAN,To_add,,,1356
1357,ITGA9_HUMAN,To_add,,,1357
1358,SPTAN1_HUMAN,To_add,,,1358
1359,BMPR2_HUMAN,To_add,,,1359
1360,CACNA1C_HUMAN,To_add,,,1360
1361,CEACAM7_HUMAN,To_add,,,1361
1362,IL16_HUMAN,To_add,,,1362
1363,CIRBP_HUMAN,To_add,,,1363
1364,COL4A6_HUMAN,To_add,,,1364
1365,COL9A3_HUMAN,To_add,,,1365
1366,COL9A2_HUMAN,To_add,,,1366
1367,NID2_HUMAN,To_add,,,1367
1368,LRP8_HUMAN,To_add,,,1368
1369,IL18_HUMAN,To_add,,,1369
1370,DAG1_HUMAN,To_add,,,1370
1371,PDE1C_HUMAN,To_add,,,1371
1372,DSG2_HUMAN,To_add,,,1372
1373,SCARF1_HUMAN,To_add,,,1373
1374,EBI3_HUMAN,To_add,,,1374
1375,SELPLG_HUMAN,To_add,,,1375
1376,CTTN_HUMAN,To_add,,,1376
1377,FZD2_HUMAN,To_add,,,1377
1378,GNA13_HUMAN,To_add,,,1378
1379,GAS6_HUMAN,To_add,,,1379
1380,CSHL1_HUMAN,To_add,,,1380
1381,GRM2_HUMAN,To_add,,,1381
1382,GRB7_HUMAN,To_add,,,1382
1383,SCN5A_HUMAN,To_add,,,1383
1384,SEMA3A_HUMAN,To_add,,,1384
1385,DSC3_HUMAN,To_add,,,1385
1386,IHH_HUMAN,To_add,,,1386
1387,IL11RA_HUMAN,To_add,,,1387
1388,IL13RA2_HUMAN,To_add,,,1388
1389,DIP2A_HUMAN,To_add,,,1389
1390,KCNAB1_HUMAN,To_add,,,1390
1391,LTBP1_HUMAN,To_add,,,1391
1392,ICAM4_HUMAN,To_add,,,1392
1393,CASP8_HUMAN,To_add,,,1393
1394,GRM7_HUMAN,To_add,,,1394
1395,GRM3_HUMAN,To_add,,,1395
1396,GRM4_HUMAN,To_add,,,1396
1397,KIR3DS1_HUMAN,To_add,,,1397
1398,KIR2DS3_HUMAN,To_add,,,1398
1399,KIR2DS5_HUMAN,To_add,,,1399
1400,KIR2DS1_HUMAN,To_add,,,1400
1401,GPNMB_HUMAN,To_add,,,1401
1402,GRIN2C_HUMAN,To_add,,,1402
1403,OPCML_HUMAN,To_add,,,1403
1404,POSTN_HUMAN,To_add,,,1404
1405,P2RY6_HUMAN,To_add,,,1405
1406,AGER_HUMAN,To_add,,,1406
1407,PDCD1_HUMAN,To_add,,,1407
1408,PON2_HUMAN,To_add,,,1408
1409,NECTIN1_HUMAN,To_add,,,1409
1410,PSG5_HUMAN,To_add,,,1410
1411,PTPRR_HUMAN,To_add,,,1411
1412,PTPRK_HUMAN,To_add,,,1412
1413,ERBB4_HUMAN,To_add,,,1413
1414,EPHA7_HUMAN,To_add,,,1414
1415,ANGPT1_HUMAN,To_add,,,1415
1416,P2RY14_HUMAN,To_add,,,1416
1417,TLR1_HUMAN,To_add,,,1417
1418,SHH_HUMAN,To_add,,,1418
1419,NR0B2_HUMAN,To_add,,,1419
1420,FCN2_HUMAN,To_add,,,1420
1421,TRADD_HUMAN,To_add,,,1421
1422,TRIP6_HUMAN,To_add,,,1422
1423,TPSAB1_HUMAN,To_add,,,1423
1424,KISS1_HUMAN,To_add,,,1424
1425,MYLK_HUMAN,To_add,,,1425
1426,SLC1A5_HUMAN,To_add,,,1426
1427,GPR19_HUMAN,To_add,,,1427
1428,NPY5R_HUMAN,To_add,,,1428
1429,CD226_HUMAN,To_add,,,1429
1430,EFNB3_HUMAN,To_add,,,1430
1431,NPTX1_HUMAN,To_add,,,1431
1432,CHRNA2_HUMAN,To_add,,,1432
1433,CHRNA6_HUMAN,To_add,,,1433
1434,CLUL1_HUMAN,To_add,,,1434
1435,ADIPOQ_HUMAN,To_add,,,1435
1436,ZYX_HUMAN,To_add,,,1436
1437,IGFBP7_HUMAN,To_add,,,1437
1438,CNGA2_HUMAN,To_add,,,1438
1439,NTRK3_HUMAN,To_add,,,1439
1440,LAMA4_HUMAN,To_add,,,1440
1441,GPR162_HUMAN,To_add,,,1441
1442,CDC37_HUMAN,To_add,,,1442
1443,IL17A_HUMAN,To_add,,,1443
1444,ACKR1_HUMAN,To_add,,,1444
1445,C3AR1_HUMAN,To_add,,,1445
1446,CALCRL_HUMAN,To_add,,,1446
1447,ECM1_HUMAN,To_add,,,1447
1448,AANAT_HUMAN,To_add,,,1448
1449,CTF1_HUMAN,To_add,,,1449
1450,NTRK2_HUMAN,To_add,,,1450
1451,STX1A_HUMAN,To_add,,,1451
1452,OCLN_HUMAN,To_add,,,1452
1453,CCL14_HUMAN,To_add,,,1453
1454,MOG_HUMAN,To_add,,,1454
1455,GUCA2B_HUMAN,To_add,,,1455
1456,CCL15_HUMAN,To_add,,,1456
1457,AMHR2_HUMAN,To_add,,,1457
1458,MIA_HUMAN,To_add,,,1458
1459,LAMA3_HUMAN,To_add,,,1459
1460,PTPRO_HUMAN,To_add,,,1460
1461,DDR2_HUMAN,To_add,,,1461
1462,FAM187B_HUMAN,To_add,,,1462
1463,MSMP_HUMAN,To_add,,,1463
1464,TMEM132A_HUMAN,To_add,,,1464
1465,MICB_HUMAN,To_add,,,1465
1466,MICA_HUMAN,To_add,,,1466
1467,RSPO4_HUMAN,To_add,,,1467
1468,RSPO1_HUMAN,To_add,,,1468
1469,TCTN1_HUMAN,To_add,,,1469
1470,CR1L_HUMAN,To_add,,,1470
1471,PRTG_HUMAN,To_add,,,1471
1472,CEACAM16_HUMAN,To_add,,,1472
1473,HLA-DRB5_HUMAN,To_add,,,1473
1474,HFE_HUMAN,To_add,,,1474
1475,TMEM95_HUMAN,To_add,,,1475
1476,CEACAM21_HUMAN,To_add,,,1476
1477,TIGIT_HUMAN,To_add,,,1477
1478,CD300E_HUMAN,To_add,,,1478
1479,SV2C_HUMAN,To_add,,,1479
1480,ERFE_HUMAN,To_add,,,1480
1481,CDON_HUMAN,To_add,,,1481
1482,SYTL3_HUMAN,To_add,,,1482
1483,TMEM259_HUMAN,To_add,,,1483
1484,PDLIM3_HUMAN,To_add,,,1484
1485,SDK2_HUMAN,To_add,,,1485
1486,YIF1B_HUMAN,To_add,,,1486
1487,IGSF11_HUMAN,To_add,,,1487
1488,NMS_HUMAN,To_add,,,1488
1489,TMEM67_HUMAN,To_add,,,1489
1490,SIRPB2_HUMAN,To_add,,,1490
1491,EPHA10_HUMAN,To_add,,,1491
1492,COLEC12_HUMAN,To_add,,,1492
1493,CLEC12A_HUMAN,To_add,,,1493
1494,LY6G6F_HUMAN,To_add,,,1494
1495,LY6G5C_HUMAN,To_add,,,1495
1496,TREML2_HUMAN,To_add,,,1496
1497,SFRP5_HUMAN,To_add,,,1497
1498,ARTN_HUMAN,To_add,,,1498
1499,C1orf194_HUMAN,To_add,,,1499
1500,GPRC6A_HUMAN,To_add,,,1500
1501,WLS_HUMAN,To_add,,,1501
1502,SLC9C2_HUMAN,To_add,,,1502
1503,COL13A1_HUMAN,To_add,,,1503
1504,CACHD1_HUMAN,To_add,,,1504
1505,IL23R_HUMAN,To_add,,,1505
1506,PEAR1_HUMAN,To_add,,,1506
1507,RAET1L_HUMAN,To_add,,,1507
1508,CD276_HUMAN,To_add,,,1508
1509,NCR3LG1_HUMAN,To_add,,,1509
1510,RNF43_HUMAN,To_add,,,1510
1511,PVRIG_HUMAN,To_add,,,1511
1512,FCRL6_HUMAN,To_add,,,1512
1513,IL31_HUMAN,To_add,,,1513
1514,VASN_HUMAN,To_add,,,1514
1515,SFRP4_HUMAN,To_add,,,1515
1516,LAIR1_HUMAN,To_add,,,1516
1517,RAET1G_HUMAN,To_add,,,1517
1518,SIGIRR_HUMAN,To_add,,,1518
1519,LAIR2_HUMAN,To_add,,,1519
1520,GDF6_HUMAN,To_add,,,1520
1521,TCTN3_HUMAN,To_add,,,1521
1522,RGMB_HUMAN,To_add,,,1522
1523,JMJD6_HUMAN,To_add,,,1523
1524,TMEM81_HUMAN,To_add,,,1524
1525,NOTUM_HUMAN,To_add,,,1525
1526,LILRA6_HUMAN,To_add,,,1526
1527,RHBDF2_HUMAN,To_add,,,1527
1528,LRFN4_HUMAN,To_add,,,1528
1529,LVRN_HUMAN,To_add,,,1529
1530,CD200R1L_HUMAN,To_add,,,1530
1531,AGTRAP_HUMAN,To_add,,,1531
1532,CSPG4_HUMAN,To_add,,,1532
1533,CLEC2A_HUMAN,To_add,,,1533
1534,IGFL1_HUMAN,To_add,,,1534
1535,PCSK4_HUMAN,To_add,,,1535
1536,EPGN_HUMAN,To_add,,,1536
1537,IL27RA_HUMAN,To_add,,,1537
1538,GPR15L_HUMAN,To_add,,,1538
1539,LCTL_HUMAN,To_add,,,1539
1540,IGFL2_HUMAN,To_add,,,1540
1541,ENHO_HUMAN,To_add,,,1541
1542,HHIPL2_HUMAN,To_add,,,1542
1543,LMBR1L_HUMAN,To_add,,,1543
1544,LAYN_HUMAN,To_add,,,1544
1545,VSTM1_HUMAN,To_add,,,1545
1546,BTNL8_HUMAN,To_add,,,1546
1547,ALKAL2_HUMAN,To_add,,,1547
1548,PLXDC2_HUMAN,To_add,,,1548
1549,C6orf15_HUMAN,To_add,,,1549
1550,IGFL3_HUMAN,To_add,,,1550
1551,CXCL17_HUMAN,To_add,,,1551
1552,CLEC4G_HUMAN,To_add,,,1552
1553,PI16_HUMAN,To_add,,,1553
1554,BTNL9_HUMAN,To_add,,,1554
1555,CCBE1_HUMAN,To_add,,,1555
1556,NPNT_HUMAN,To_add,,,1556
1557,ISLR2_HUMAN,To_add,,,1557
1558,LRRN1_HUMAN,To_add,,,1558
1559,IL20RB_HUMAN,To_add,,,1559
1560,TREML4_HUMAN,To_add,,,1560
1561,ALKAL1_HUMAN,To_add,,,1561
1562,GFRAL_HUMAN,To_add,,,1562
1563,RSPO2_HUMAN,To_add,,,1563
1564,UNC5D_HUMAN,To_add,,,1564
1565,CEACAM20_HUMAN,To_add,,,1565
1566,DLK2_HUMAN,To_add,,,1566
1567,LINGO4_HUMAN,To_add,,,1567
1568,FAT4_HUMAN,To_add,,,1568
1569,MUC6_HUMAN,To_add,,,1569
1570,NPSR1_HUMAN,To_add,,,1570
1571,IGSF10_HUMAN,To_add,,,1571
1572,SOSTDC1_HUMAN,To_add,,,1572
1573,ZPBP2_HUMAN,To_add,,,1573
1574,CD109_HUMAN,To_add,,,1574
1575,SIGLEC15_HUMAN,To_add,,,1575
1576,CERS6_HUMAN,To_add,,,1576
1577,SCARA5_HUMAN,To_add,,,1577
1578,IL34_HUMAN,To_add,,,1578
1579,UNC5A_HUMAN,To_add,,,1579
1580,HJV_HUMAN,To_add,,,1580
1581,ILDR2_HUMAN,To_add,,,1581
1582,UTS2B_HUMAN,To_add,,,1582
1583,BTN2A1_HUMAN,To_add,,,1583
1584,SV2A_HUMAN,To_add,,,1584
1585,SV2B_HUMAN,To_add,,,1585
1586,ASRGL1_HUMAN,To_add,,,1586
1587,FA2H_HUMAN,To_add,,,1587
1588,DYM_HUMAN,To_add,,,1588
1589,NEGR1_HUMAN,To_add,,,1589
1590,LRP10_HUMAN,To_add,,,1590
1591,ADM2_HUMAN,To_add,,,1591
1592,GDF7_HUMAN,To_add,,,1592
1593,BMP8A_HUMAN,To_add,,,1593
1594,CEACAM19_HUMAN,To_add,,,1594
1595,BTLA_HUMAN,To_add,,,1595
1596,MILR1_HUMAN,To_add,,,1596
1597,VTCN1_HUMAN,To_add,,,1597
1598,DSG4_HUMAN,To_add,,,1598
1599,ILDR1_HUMAN,To_add,,,1599
1600,CLEC14A_HUMAN,To_add,,,1600
1601,ARMH4_HUMAN,To_add,,,1601
1602,TSPAN33_HUMAN,To_add,,,1602
1603,EVC2_HUMAN,To_add,,,1603
1604,RTN4RL1_HUMAN,To_add,,,1604
1605,RTN4RL2_HUMAN,To_add,,,1605
1606,RIMS1_HUMAN,To_add,,,1606
1607,TAC4_HUMAN,To_add,,,1607
1608,ADIPOR2_HUMAN,To_add,,,1608
1609,CD163_HUMAN,To_add,,,1609
1610,LRRTM3_HUMAN,To_add,,,1610
1611,VSIG10L_HUMAN,To_add,,,1611
1612,LRP11_HUMAN,To_add,,,1612
1613,IFNE_HUMAN,To_add,,,1613
1614,LSR_HUMAN,To_add,,,1614
1615,ANGPTL5_HUMAN,To_add,,,1615
1616,TMEM219_HUMAN,To_add,,,1616
1617,ADGRG3_HUMAN,To_add,,,1617
1618,PDPN_HUMAN,To_add,,,1618
1619,JAML_HUMAN,To_add,,,1619
1620,TREML1_HUMAN,To_add,,,1620
1621,GPHB5_HUMAN,To_add,,,1621
1622,KLB_HUMAN,To_add,,,1622
1623,IFNL1_HUMAN,To_add,,,1623
1624,IFNLR1_HUMAN,To_add,,,1624
1625,TMPRSS6_HUMAN,To_add,,,1625
1626,CRLF3_HUMAN,To_add,,,1626
1627,PLXDC1_HUMAN,To_add,,,1627
1628,CLEC10A_HUMAN,To_add,,,1628
1629,GPIHBP1_HUMAN,To_add,,,1629
1630,MT-RNR2_HUMAN,To_add,,,1630
1631,GLYCAM1_HUMAN,To_add,,,1631
1632,IGDCC3_HUMAN,To_add,,,1632
1633,VSTM4_HUMAN,To_add,,,1633
1634,SLITRK4_HUMAN,To_add,,,1634
1635,ADGRA3_HUMAN,To_add,,,1635
1636,SFTPA2_HUMAN,To_add,,,1636
1637,SFTPA1_HUMAN,To_add,,,1637
1638,CNTN4_HUMAN,To_add,,,1638
1639,FAM126B_HUMAN,To_add,,,1639
1640,PLPP6_HUMAN,To_add,,,1640
1641,SMAP1_HUMAN,To_add,,,1641
1642,OSCAR_HUMAN,To_add,,,1642
1643,IZUMO1_HUMAN,To_add,,,1643
1644,GPR135_HUMAN,To_add,,,1644
1645,NRSN1_HUMAN,To_add,,,1645
1646,KMT2E_HUMAN,To_add,,,1646
1647,ADGRF5_HUMAN,To_add,,,1647
1648,ADGRG5_HUMAN,To_add,,,1648
1649,IFNL3_HUMAN,To_add,,,1649
1650,IFNL2_HUMAN,To_add,,,1650
1651,UNC5B_HUMAN,To_add,,,1651
1652,CPAMD8_HUMAN,To_add,,,1652
1653,MAML2_HUMAN,To_add,,,1653
1654,KIRREL3_HUMAN,To_add,,,1654
1655,APCDD1_HUMAN,To_add,,,1655
1656,LGI2_HUMAN,To_add,,,1656
1657,NLGN4X_HUMAN,To_add,,,1657
1658,VSIG10_HUMAN,To_add,,,1658
1659,DEFB106B_HUMAN,To_add,,,1659
1660,KIR2DL5A_HUMAN,To_add,,,1660
1661,CADM3_HUMAN,To_add,,,1661
1662,TMEM123_HUMAN,To_add,,,1662
1663,LGI4_HUMAN,To_add,,,1663
1664,LGI3_HUMAN,To_add,,,1664
1665,LILRA2_HUMAN,To_add,,,1665
1666,GPC2_HUMAN,To_add,,,1666
1667,TOR2A_HUMAN,To_add,,,1667
1668,NLGN1_HUMAN,To_add,,,1668
1669,EXOC3-AS1_HUMAN,To_add,,,1669
1670,MUC20_HUMAN,To_add,,,1670
1671,MUC15_HUMAN,To_add,,,1671
1672,CADM2_HUMAN,To_add,,,1672
1673,LILRB2_HUMAN,To_add,,,1673
1674,FGFRL1_HUMAN,To_add,,,1674
1675,SFRP1_HUMAN,To_add,,,1675
1676,FSTL5_HUMAN,To_add,,,1676
1677,IGSF1_HUMAN,To_add,,,1677
1678,LILRA3_HUMAN,To_add,,,1678
1679,IL22RA1_HUMAN,To_add,,,1679
1680,CD177_HUMAN,To_add,,,1680
1681,NPW_HUMAN,To_add,,,1681
1682,KIR3DL3_HUMAN,To_add,,,1682
1683,EMC1_HUMAN,To_add,,,1683
1684,LRRC52_HUMAN,To_add,,,1684
1685,LRTM2_HUMAN,To_add,,,1685
1686,IL17RC_HUMAN,To_add,,,1686
1687,FNDC5_HUMAN,To_add,,,1687
1688,DRAXIN_HUMAN,To_add,,,1688
1689,PCSK9_HUMAN,To_add,,,1689
1690,SLC4A11_HUMAN,To_add,,,1690
1691,NETO2_HUMAN,To_add,,,1691
1692,SLC44A5_HUMAN,To_add,,,1692
1693,KREMEN2_HUMAN,To_add,,,1693
1694,GPR26_HUMAN,To_add,,,1694
1695,CATSPER1_HUMAN,To_add,,,1695
1696,DUSP18_HUMAN,To_add,,,1696
1697,TRPV1_HUMAN,To_add,,,1697
1698,ACVR1C_HUMAN,To_add,,,1698
1699,IL27_HUMAN,To_add,,,1699
1700,PROKR2_HUMAN,To_add,,,1700
1701,IL17RD_HUMAN,To_add,,,1701
1702,MDGA1_HUMAN,To_add,,,1702
1703,IL17RE_HUMAN,To_add,,,1703
1704,SEMA6D_HUMAN,To_add,,,1704
1705,NLGN2_HUMAN,To_add,,,1705
1706,CADM4_HUMAN,To_add,,,1706
1707,TSPAN14_HUMAN,To_add,,,1707
1708,NPB_HUMAN,To_add,,,1708
1709,LILRB4_HUMAN,To_add,,,1709
1710,LILRB1_HUMAN,To_add,,,1710
1711,CCL4L1_HUMAN,To_add,,,1711
1712,IL31RA_HUMAN,To_add,,,1712
1713,MCFD2_HUMAN,To_add,,,1713
1714,PATJ_HUMAN,To_add,,,1714
1715,ANGPTL6_HUMAN,To_add,,,1715
1716,VANGL1_HUMAN,To_add,,,1716
1717,MUC7_HUMAN,To_add,,,1717
1718,LNX1_HUMAN,To_add,,,1718
1719,TMEM167A_HUMAN,To_add,,,1719
1720,FAM200A_HUMAN,To_add,,,1720
1721,PROKR1_HUMAN,To_add,,,1721
1722,MRAP_HUMAN,To_add,,,1722
1723,CD99L2_HUMAN,To_add,,,1723
1724,RAET1E_HUMAN,To_add,,,1724
1725,CD200R1_HUMAN,To_add,,,1725
1726,DSCAML1_HUMAN,To_add,,,1726
1727,HAVCR2_HUMAN,To_add,,,1727
1728,CD300LF_HUMAN,To_add,,,1728
1729,GPR152_HUMAN,To_add,,,1729
1730,RXFP4_HUMAN,To_add,,,1730
1731,GPR151_HUMAN,To_add,,,1731
1732,IGDCC4_HUMAN,To_add,,,1732
1733,WFIKKN2_HUMAN,To_add,,,1733
1734,PARD3_HUMAN,To_add,,,1734
1735,SCARB1_HUMAN,To_add,,,1735
1736,SECTM1_HUMAN,To_add,,,1736
1737,BTN2A2_HUMAN,To_add,,,1737
1738,ITLN1_HUMAN,To_add,,,1738
1739,NRG4_HUMAN,To_add,,,1739
1740,STAB2_HUMAN,To_add,,,1740
1741,FCAMR_HUMAN,To_add,,,1741
1742,SLC5A11_HUMAN,To_add,,,1742
1743,LIPH_HUMAN,To_add,,,1743
1744,IL1F10_HUMAN,To_add,,,1744
1745,IGFBPL1_HUMAN,To_add,,,1745
1746,RXFP2_HUMAN,To_add,,,1746
1747,RLN3_HUMAN,To_add,,,1747
1748,ADGRV1_HUMAN,To_add,,,1748
1749,ROBO4_HUMAN,To_add,,,1749
1750,CLEC2B_HUMAN,To_add,,,1750
1751,FAM3C_HUMAN,To_add,,,1751
1752,NCSTN_HUMAN,To_add,,,1752
1753,CCL17_HUMAN,To_add,,,1753
1754,LPAR1_HUMAN,To_add,,,1754
1755,SORL1_HUMAN,To_add,,,1755
1756,ANP32B_HUMAN,To_add,,,1756
1757,NECTIN2_HUMAN,To_add,,,1757
1758,PTPRU_HUMAN,To_add,,,1758
1759,RYR2_HUMAN,To_add,,,1759
1760,TNR_HUMAN,To_add,,,1760
1761,FRZB_HUMAN,To_add,,,1761
1762,HAS2_HUMAN,To_add,,,1762
1763,NRCAM_HUMAN,To_add,,,1763
1764,EDA_HUMAN,To_add,,,1764
1765,HAS1_HUMAN,To_add,,,1765
1766,GHSR_HUMAN,To_add,,,1766
1767,SEMA4D_HUMAN,To_add,,,1767
1768,NEO1_HUMAN,To_add,,,1768
1769,GLG1_HUMAN,To_add,,,1769
1770,FGF13_HUMAN,To_add,,,1770
1771,FGF11_HUMAN,To_add,,,1771
1772,FGF14_HUMAN,To_add,,,1772
1773,PRG4_HUMAN,To_add,,,1773
1774,TNFRSF14_HUMAN,To_add,,,1774
1775,TNFRSF25_HUMAN,To_add,,,1775
1776,LPP_HUMAN,To_add,,,1776
1777,WNT2B_HUMAN,To_add,,,1777
1778,WNT8B_HUMAN,To_add,,,1778
1779,TSLP_HUMAN,To_add,,,1779
1780,LEAP2_HUMAN,To_add,,,1780
1781,UCN3_HUMAN,To_add,,,1781
1782,NKD2_HUMAN,To_add,,,1782
1783,KISS1R_HUMAN,To_add,,,1783
1784,IL22RA2_HUMAN,To_add,,,1784
1785,IGSF8_HUMAN,To_add,,,1785
1786,MCHR2_HUMAN,To_add,,,1786
1787,SLAMF9_HUMAN,To_add,,,1787
1788,ADIPOR1_HUMAN,To_add,,,1788
1789,PTH2_HUMAN,To_add,,,1789
1790,ESAM_HUMAN,To_add,,,1790
1791,RGMA_HUMAN,To_add,,,1791
1792,TMIGD2_HUMAN,To_add,,,1792
1793,FAM3D_HUMAN,To_add,,,1793
1794,SARAF_HUMAN,To_add,,,1794
1795,CTHRC1_HUMAN,To_add,,,1795
1796,NTNG2_HUMAN,To_add,,,1796
1797,HAVCR1_HUMAN,To_add,,,1797
1798,ZG16B_HUMAN,To_add,,,1798
1799,SHISA4_HUMAN,To_add,,,1799
1800,SLAMF6_HUMAN,To_add,,,1800
1801,KLRG1_HUMAN,To_add,,,1801
1802,DNAJA3_HUMAN,To_add,,,1802
1803,IL17RA_HUMAN,To_add,,,1803
1804,LINGO1_HUMAN,To_add,,,1804
1805,TSPAN17_HUMAN,To_add,,,1805
1806,BICD1_HUMAN,To_add,,,1806
1807,WBP1_HUMAN,To_add,,,1807
1808,BCAN_HUMAN,To_add,,,1808
1809,TCTN2_HUMAN,To_add,,,1809
1810,TIMD4_HUMAN,To_add,,,1810
1811,SFRP2_HUMAN,To_add,,,1811
1812,IGSF21_HUMAN,To_add,,,1812
1813,KIRREL1_HUMAN,To_add,,,1813
1814,LRIG1_HUMAN,To_add,,,1814
1815,DCHS1_HUMAN,To_add,,,1815
1816,MS4A4A_HUMAN,To_add,,,1816
1817,SLC45A3_HUMAN,To_add,,,1817
1818,MEGF10_HUMAN,To_add,,,1818
1819,FCRL1_HUMAN,To_add,,,1819
1820,MRGPRX4_HUMAN,To_add,,,1820
1821,MRGPRX2_HUMAN,To_add,,,1821
1822,MRGPRX1_HUMAN,To_add,,,1822
1823,SIGLEC10_HUMAN,To_add,,,1823
1824,TAFA4_HUMAN,To_add,,,1824
1825,ROBO3_HUMAN,To_add,,,1825
1826,KREMEN1_HUMAN,To_add,,,1826
1827,VSTM2L_HUMAN,To_add,,,1827
1828,LRFN5_HUMAN,To_add,,,1828
1829,NECTIN4_HUMAN,To_add,,,1829
1830,QRFPR_HUMAN,To_add,,,1830
1831,GPR101_HUMAN,To_add,,,1831
1832,DCBLD2_HUMAN,To_add,,,1832
1833,IL17F_HUMAN,To_add,,,1833
1834,ADGRA2_HUMAN,To_add,,,1834
1835,FCRL4_HUMAN,To_add,,,1835
1836,SCGB3A2_HUMAN,To_add,,,1836
1837,TECTB_HUMAN,To_add,,,1837
1838,SORCS2_HUMAN,To_add,,,1838
1839,SLITRK1_HUMAN,To_add,,,1839
1840,SCGB3A1_HUMAN,To_add,,,1840
1841,HHIP_HUMAN,To_add,,,1841
1842,MAGI1_HUMAN,To_add,,,1842
1843,F2RL3_HUMAN,To_add,,,1843
1844,UCN2_HUMAN,To_add,,,1844
1845,TGS1_HUMAN,To_add,,,1845
1846,NODAL_HUMAN,To_add,,,1846
1847,ORAI2_HUMAN,To_add,,,1847
1848,ADO_HUMAN,To_add,,,1848
1849,GPHA2_HUMAN,To_add,,,1849
1850,CSF3R_HUMAN,To_add,,,1850
1851,HBEGF_HUMAN,To_add,,,1851
1852,AMELX_HUMAN,To_add,,,1852
1853,AMELY_HUMAN,To_add,,,1853
1854,GAD1_HUMAN,To_add,,,1854
1855,NELL2_HUMAN,To_add,,,1855
1856,NPY6R_HUMAN,To_add,,,1856
1857,NOTCH4_HUMAN,To_add,,,1857
1858,CD180_HUMAN,To_add,,,1858
1859,S1PR3_HUMAN,To_add,,,1859
1860,SORT1_HUMAN,To_add,,,1860
1861,P2RX7_HUMAN,To_add,,,1861
1862,CCL13_HUMAN,To_add,,,1862
1863,OSMR_HUMAN,To_add,,,1863
1864,IL12RB2_HUMAN,To_add,,,1864
1865,LPAR4_HUMAN,To_add,,,1865
1866,GPR20_HUMAN,To_add,,,1866
1867,MGLL_HUMAN,To_add,,,1867
1868,MCHR1_HUMAN,To_add,,,1868
1869,KIR2DL4_HUMAN,To_add,,,1869
1870,KCNJ15_HUMAN,To_add,,,1870
1871,CCL19_HUMAN,To_add,,,1871
1872,NRTN_HUMAN,To_add,,,1872
1873,CMKLR1_HUMAN,To_add,,,1873
1874,SMO_HUMAN,To_add,,,1874
1875,EGFL8_HUMAN,To_add,,,1875
1876,ADAM2_HUMAN,To_add,,,1876
1877,RARRES2_HUMAN,To_add,,,1877
1878,MYOC_HUMAN,To_add,,,1878
1879,SEMA3C_HUMAN,To_add,,,1879
1880,GDF15_HUMAN,To_add,,,1880
1881,PDCD1LG2_HUMAN,To_add,,,1881
1882,KRTAP4-12_HUMAN,To_add,,,1882
1883,SOST_HUMAN,To_add,,,1883
1884,MXRA8_HUMAN,To_add,,,1884
1885,SPX_HUMAN,To_add,,,1885
1886,LRFN3_HUMAN,To_add,,,1886
1887,SPON2_HUMAN,To_add,,,1887
1888,APOO_HUMAN,To_add,,,1888
1889,BOC_HUMAN,To_add,,,1889
1890,SORBS1_HUMAN,To_add,,,1890
1891,JAM3_HUMAN,To_add,,,1891
1892,STRA6_HUMAN,To_add,,,1892
1893,PLVAP_HUMAN,To_add,,,1893
1894,LGR4_HUMAN,To_add,,,1894
1895,C1QTNF5_HUMAN,To_add,,,1895
1896,C1QTNF1_HUMAN,To_add,,,1896
1897,CARD11_HUMAN,To_add,,,1897
1898,RSPO3_HUMAN,To_add,,,1898
1899,CADM1_HUMAN,To_add,,,1899
1900,ANGPTL4_HUMAN,To_add,,,1900
1901,MFRP_HUMAN,To_add,,,1901
1902,CDHR2_HUMAN,To_add,,,1902
1903,ACE2_HUMAN,To_add,,,1903
1904,PITPNM3_HUMAN,To_add,,,1904
1905,PRRG4_HUMAN,To_add,,,1905
1906,ACP4_HUMAN,To_add,,,1906
1907,ULBP3_HUMAN,To_add,,,1907
1908,ULBP2_HUMAN,To_add,,,1908
1909,ULBP1_HUMAN,To_add,,,1909
1910,RTN4R_HUMAN,To_add,,,1910
1911,IMPG2_HUMAN,To_add,,,1911
1912,CD244_HUMAN,To_add,,,1912
1913,SIGLEC1_HUMAN,To_add,,,1913
1914,DCLK3_HUMAN,To_add,,,1914
1915,SEMA4C_HUMAN,To_add,,,1915
1916,PDGFD_HUMAN,To_add,,,1916
1917,NMUR2_HUMAN,To_add,,,1917
1918,NPFFR1_HUMAN,To_add,,,1918
1919,WNT10A_HUMAN,To_add,,,1919
1920,FGF23_HUMAN,To_add,,,1920
1921,IL22_HUMAN,To_add,,,1921
1922,CHRNA10_HUMAN,To_add,,,1922
1923,GFRA4_HUMAN,To_add,,,1923
1924,LACRT_HUMAN,To_add,,,1924
1925,NAT10_HUMAN,To_add,,,1925
1926,FXYD6_HUMAN,To_add,,,1926
1927,TMEM222_HUMAN,To_add,,,1927
1928,SLITRK2_HUMAN,To_add,,,1928
1929,PCDHAC1_HUMAN,To_add,,,1929
1930,CDH19_HUMAN,To_add,,,1930
1931,TRPV6_HUMAN,To_add,,,1931
1932,WNT8A_HUMAN,To_add,,,1932
1933,WNT5B_HUMAN,To_add,,,1933
1934,MYLK2_HUMAN,To_add,,,1934
1935,TSPAN10_HUMAN,To_add,,,1935
1936,S1PR5_HUMAN,To_add,,,1936
1937,PORCN_HUMAN,To_add,,,1937
1938,P2RY12_HUMAN,To_add,,,1938
1939,IL25_HUMAN,To_add,,,1939
1940,CXCL16_HUMAN,To_add,,,1940
1941,SEMA6A_HUMAN,To_add,,,1941
1942,ADAM7_HUMAN,To_add,,,1942
1943,CHRD_HUMAN,To_add,,,1943
1944,CLEC4M_HUMAN,To_add,,,1944
1945,TTYH1_HUMAN,To_add,,,1945
1946,HRH4_HUMAN,To_add,,,1946
1947,SEMA4A_HUMAN,To_add,,,1947
1948,SEMA6C_HUMAN,To_add,,,1948
1949,SEMA6B_HUMAN,To_add,,,1949
1950,LRRN3_HUMAN,To_add,,,1950
1951,FZD8_HUMAN,To_add,,,1951
1952,CDCP1_HUMAN,To_add,,,1952
1953,SLITRK6_HUMAN,To_add,,,1953
1954,IGFLR1_HUMAN,To_add,,,1954
1955,CLMP_HUMAN,To_add,,,1955
1956,ANTXR1_HUMAN,To_add,,,1956
1957,GREM2_HUMAN,To_add,,,1957
1958,VSIR_HUMAN,To_add,,,1958
1959,MANSC1_HUMAN,To_add,,,1959
1960,MMRN2_HUMAN,To_add,,,1960
1961,SLC52A2_HUMAN,To_add,,,1961
1962,LIN7B_HUMAN,To_add,,,1962
1963,EDA2R_HUMAN,To_add,,,1963
1964,IL1RL2_HUMAN,To_add,,,1964
1965,NTN4_HUMAN,To_add,,,1965
1966,NMUR1_HUMAN,To_add,,,1966
1967,IL21_HUMAN,To_add,,,1967
1968,IL21R_HUMAN,To_add,,,1968
1969,LY9_HUMAN,To_add,,,1969
1970,PLGRKT_HUMAN,To_add,,,1970
1971,LPAR2_HUMAN,To_add,,,1971
1972,LRRC4_HUMAN,To_add,,,1972
1973,ADGRL4_HUMAN,To_add,,,1973
1974,LGR6_HUMAN,To_add,,,1974
1975,RXFP1_HUMAN,To_add,,,1975
1976,PROK2_HUMAN,To_add,,,1976
1977,CRLF2_HUMAN,To_add,,,1977
1978,GPR35_HUMAN,To_add,,,1978
1979,SPON1_HUMAN,To_add,,,1979
1980,TRPM3_HUMAN,To_add,,,1980
1981,LRRC4C_HUMAN,To_add,,,1981
1982,ROBO2_HUMAN,To_add,,,1982
1983,PLXNA4_HUMAN,To_add,,,1983
1984,PGAP6_HUMAN,To_add,,,1984
1985,GP6_HUMAN,To_add,,,1985
1986,NPVF_HUMAN,To_add,,,1986
1987,FGF22_HUMAN,To_add,,,1987
1988,CD248_HUMAN,To_add,,,1988
1989,CELSR2_HUMAN,To_add,,,1989
1990,RETN_HUMAN,To_add,,,1990
1991,CD209_HUMAN,To_add,,,1991
1992,SLC40A1_HUMAN,To_add,,,1992
1993,IL1RAPL2_HUMAN,To_add,,,1993
1994,AMBN_HUMAN,To_add,,,1994
1995,TNFRSF12A_HUMAN,To_add,,,1995
1996,FGF20_HUMAN,To_add,,,1996
1997,TREM1_HUMAN,To_add,,,1997
1998,PARD6A_HUMAN,To_add,,,1998
1999,ACKR4_HUMAN,To_add,,,1999
2000,CD320_HUMAN,To_add,,,2000
2001,IL23A_HUMAN,To_add,,,2001
2002,FZD3_HUMAN,To_add,,,2002
2003,IL1RAP_HUMAN,To_add,,,2003
2004,IL26_HUMAN,To_add,,,2004
2005,SEMA4B_HUMAN,To_add,,,2005
2006,CD93_HUMAN,To_add,,,2006
2007,SCUBE2_HUMAN,To_add,,,2007
2008,MEPE_HUMAN,To_add,,,2008
2009,TRPV5_HUMAN,To_add,,,2009
2010,RTN4_HUMAN,To_add,,,2010
2011,NECTIN3_HUMAN,To_add,,,2011
2012,GPR84_HUMAN,To_add,,,2012
2013,GDF3_HUMAN,To_add,,,2013
2014,DLL4_HUMAN,To_add,,,2014
2015,KCNQ5_HUMAN,To_add,,,2015
2016,TLR9_HUMAN,To_add,,,2016
2017,MXRA5_HUMAN,To_add,,,2017
2018,PDGFC_HUMAN,To_add,,,2018
2019,CCL28_HUMAN,To_add,,,2019
2020,ENAM_HUMAN,To_add,,,2020
2021,IL17RB_HUMAN,To_add,,,2021
2022,PLSCR4_HUMAN,To_add,,,2022
2023,CYTL1_HUMAN,To_add,,,2023
2024,TPSG1_HUMAN,To_add,,,2024
2025,HEBP1_HUMAN,To_add,,,2025
2026,LTBP3_HUMAN,To_add,,,2026
2027,TNFRSF19_HUMAN,To_add,,,2027
2028,SEMA3G_HUMAN,To_add,,,2028
2029,FGF21_HUMAN,To_add,,,2029
2030,KCND1_HUMAN,To_add,,,2030
2031,RXFP3_HUMAN,To_add,,,2031
2032,CISH_HUMAN,To_add,,,2032
2033,C1orf112_HUMAN,To_add,,,2033
2034,IGSF5_HUMAN,To_add,,,2034
2035,LRRC4B_HUMAN,To_add,,,2035
2036,SEMA4G_HUMAN,To_add,,,2036
2037,LIN7C_HUMAN,To_add,,,2037
2038,OLAH_HUMAN,To_add,,,2038
2039,IRAK4_HUMAN,To_add,,,2039
2040,RHBDL2_HUMAN,To_add,,,2040
2041,TMEM161A_HUMAN,To_add,,,2041
2042,MKS1_HUMAN,To_add,,,2042
2043,STAB1_HUMAN,To_add,,,2043
2044,OBP2A_HUMAN,To_add,,,2044
2045,MTMR4_HUMAN,To_add,,,2045
2046,DLL3_HUMAN,To_add,,,2046
2047,TLR7_HUMAN,To_add,,,2047
2048,GPR83_HUMAN,To_add,,,2048
2049,CELSR1_HUMAN,To_add,,,2049
2050,CELSR3_HUMAN,To_add,,,2050
2051,IL20_HUMAN,To_add,,,2051
2052,SIGLEC8_HUMAN,To_add,,,2052
2053,ERAP1_HUMAN,To_add,,,2053
2054,PODXL2_HUMAN,To_add,,,2054
2055,NLGN3_HUMAN,To_add,,,2055
2056,TREM2_HUMAN,To_add,,,2056
2057,GPRC5D_HUMAN,To_add,,,2057
2058,GPRC5B_HUMAN,To_add,,,2058
2059,IL37_HUMAN,To_add,,,2059
2060,IL36B_HUMAN,To_add,,,2060
2061,IL36G_HUMAN,To_add,,,2061
2062,IL1RAPL1_HUMAN,To_add,,,2062
2063,CD274_HUMAN,To_add,,,2063
2064,LRP1B_HUMAN,To_add,,,2064
2065,KLRF1_HUMAN,To_add,,,2065
2066,OGFR_HUMAN,To_add,,,2066
2067,FLRT3_HUMAN,To_add,,,2067
2068,FLRT1_HUMAN,To_add,,,2068
2069,KCND2_HUMAN,To_add,,,2069
2070,DSPP_HUMAN,To_add,,,2070
2071,ADAM22_HUMAN,To_add,,,2071
2072,VAPA_HUMAN,To_add,,,2072
2073,IL17C_HUMAN,To_add,,,2073
2074,TMEM216_HUMAN,To_add,,,2074
2075,IFNK_HUMAN,To_add,,,2075
2076,NTM_HUMAN,To_add,,,2076
2077,CLEC1B_HUMAN,To_add,,,2077
2078,SIRPG_HUMAN,To_add,,,2078
2079,CNTN3_HUMAN,To_add,,,2079
2080,LRFN1_HUMAN,To_add,,,2080
2081,SEMA5B_HUMAN,To_add,,,2081
2082,C5AR2_HUMAN,To_add,,,2082
2083,PTGFRN_HUMAN,To_add,,,2083
2084,CC2D2A_HUMAN,To_add,,,2084
2085,CGN_HUMAN,To_add,,,2085
2086,SLC17A7_HUMAN,To_add,,,2086
2087,LRIT1_HUMAN,To_add,,,2087
2088,ATXN10_HUMAN,To_add,,,2088
2089,GALP_HUMAN,To_add,,,2089
2090,XCL2_HUMAN,To_add,,,2090
2091,CLCF1_HUMAN,To_add,,,2091
2092,MRC2_HUMAN,To_add,,,2092
2093,IL36RN_HUMAN,To_add,,,2093
2094,XPR1_HUMAN,To_add,,,2094
2095,HCST_HUMAN,To_add,,,2095
2096,TNFRSF10D_HUMAN,To_add,,,2096
2097,DKK3_HUMAN,To_add,,,2097
2098,CKLF_HUMAN,To_add,,,2098
2099,DNAJB11_HUMAN,To_add,,,2099
2100,GABBR1_HUMAN,To_add,,,2100
2101,DKK4_HUMAN,To_add,,,2101
2102,DKK2_HUMAN,To_add,,,2102
2103,GHRL_HUMAN,To_add,,,2103
2104,WNT16_HUMAN,To_add,,,2104
2105,LPAR3_HUMAN,To_add,,,2105
2106,TJP2_HUMAN,To_add,,,2106
2107,KL_HUMAN,To_add,,,2107
2108,MARCO_HUMAN,To_add,,,2108
2109,EPHA6_HUMAN,To_add,,,2109
2110,CHRNA9_HUMAN,To_add,,,2110
2111,CD300A_HUMAN,To_add,,,2111
2112,IL36A_HUMAN,To_add,,,2112
2113,ASIC3_HUMAN,To_add,,,2113
2114,CNTNAP2_HUMAN,To_add,,,2114
2115,IL19_HUMAN,To_add,,,2115
2116,TAC3_HUMAN,To_add,,,2116
2117,IL20RA_HUMAN,To_add,,,2117
2118,IL17B_HUMAN,To_add,,,2118
2119,PCSK1N_HUMAN,To_add,,,2119
2120,CLEC2D_HUMAN,To_add,,,2120
2121,SERTAD1_HUMAN,To_add,,,2121
2122,ADGRE2_HUMAN,To_add,,,2122
2123,PLXNA1_HUMAN,To_add,,,2123
2124,GDF2_HUMAN,To_add,,,2124
2125,TMEM59L_HUMAN,To_add,,,2125
2126,ADAM29_HUMAN,To_add,,,2126
2127,PILRB_HUMAN,To_add,,,2127
2128,PILRA_HUMAN,To_add,,,2128
2129,ADAM21_HUMAN,To_add,,,2129
2130,UTS2R_HUMAN,To_add,,,2130
2131,ADAM28_HUMAN,To_add,,,2131
2132,ERG28_HUMAN,To_add,,,2132
2133,TRHDE_HUMAN,To_add,,,2133
2134,ANGPTL2_HUMAN,To_add,,,2134
2135,AMFR_HUMAN,To_add,,,2135
2136,ITGA11_HUMAN,To_add,,,2136
2137,PRND_HUMAN,To_add,,,2137
2138,TRPC5_HUMAN,To_add,,,2138
2139,CDH9_HUMAN,To_add,,,2139
2140,CDH7_HUMAN,To_add,,,2140
2141,KIDINS220_HUMAN,To_add,,,2141
2142,LRFN2_HUMAN,To_add,,,2142
2143,VANGL2_HUMAN,To_add,,,2143
2144,PLXNB3_HUMAN,To_add,,,2144
2145,TBC1D24_HUMAN,To_add,,,2145
2146,ZNRF3_HUMAN,To_add,,,2146
2147,FZD4_HUMAN,To_add,,,2147
2148,FZD10_HUMAN,To_add,,,2148
2149,APLN_HUMAN,To_add,,,2149
2150,HHLA2_HUMAN,To_add,,,2150
2151,NOTCH3_HUMAN,To_add,,,2151
2152,ALK_HUMAN,To_add,,,2152
2153,COL17A1_HUMAN,To_add,,,2153
2154,ICAM5_HUMAN,To_add,,,2154
2155,CLEC4A_HUMAN,To_add,,,2155
2156,GUCA1B_HUMAN,To_add,,,2156
2157,PCDHGB4_HUMAN,To_add,,,2157
2158,EDAR_HUMAN,To_add,,,2158
2159,STUB1_HUMAN,To_add,,,2159
2160,TNFSF18_HUMAN,To_add,,,2160
2161,PROCR_HUMAN,To_add,,,2161
2162,FZD1_HUMAN,To_add,,,2162
2163,TFR2_HUMAN,To_add,,,2163
2164,B9D1_HUMAN,To_add,,,2164
2165,SORCS3_HUMAN,To_add,,,2165
2166,IGSF9B_HUMAN,To_add,,,2166
2167,SHANK2_HUMAN,To_add,,,2167
2168,THSD7A_HUMAN,To_add,,,2168
2169,RIMS2_HUMAN,To_add,,,2169
2170,CNTN6_HUMAN,To_add,,,2170
2171,PA2G4_HUMAN,To_add,,,2171
2172,SCN8A_HUMAN,To_add,,,2172
2173,TNN_HUMAN,To_add,,,2173
2174,NAALADL1_HUMAN,To_add,,,2174
2175,SH2B3_HUMAN,To_add,,,2175
2176,HHLA3_HUMAN,To_add,,,2176
2177,COLQ_HUMAN,To_add,,,2177
2178,JAG2_HUMAN,To_add,,,2178
2179,CLEC11A_HUMAN,To_add,,,2179
2180,CCL26_HUMAN,To_add,,,2180
2181,ANGPT4_HUMAN,To_add,,,2181
2182,TNFSF13B_HUMAN,To_add,,,2182
2183,VSIG4_HUMAN,To_add,,,2183
2184,SIGLEC7_HUMAN,To_add,,,2184
2185,ITM2B_HUMAN,To_add,,,2185
2186,TLR6_HUMAN,To_add,,,2186
2187,NTNG1_HUMAN,To_add,,,2187
2188,RPH3A_HUMAN,To_add,,,2188
2189,GPR55_HUMAN,To_add,,,2189
2190,SIGLEC9_HUMAN,To_add,,,2190
2191,TMED5_HUMAN,To_add,,,2191
2192,NAALAD2_HUMAN,To_add,,,2192
2193,TLN1_HUMAN,To_add,,,2193
2194,NRXN3_HUMAN,To_add,,,2194
2195,PLXND1_HUMAN,To_add,,,2195
2196,CCL27_HUMAN,To_add,,,2196
2197,LRP12_HUMAN,To_add,,,2197
2198,SHANK1_HUMAN,To_add,,,2198
2199,ANGPTL3_HUMAN,To_add,,,2199
2200,PCDHB7_HUMAN,To_add,,,2200
2201,PCDHB3_HUMAN,To_add,,,2201
2202,PCDHGB6_HUMAN,To_add,,,2202
2203,PCDHGA7_HUMAN,To_add,,,2203
2204,CLDN16_HUMAN,To_add,,,2204
2205,HRH3_HUMAN,To_add,,,2205
2206,CORIN_HUMAN,To_add,,,2206
2207,INSL5_HUMAN,To_add,,,2207
2208,MMP24_HUMAN,To_add,,,2208
2209,TNFRSF18_HUMAN,To_add,,,2209
2210,MAGED1_HUMAN,To_add,,,2210
2211,WIF1_HUMAN,To_add,,,2211
2212,SNX14_HUMAN,To_add,,,2212
2213,NPFFR2_HUMAN,To_add,,,2213
2214,PTGDR2_HUMAN,To_add,,,2214
2215,ST14_HUMAN,To_add,,,2215
2216,LYVE1_HUMAN,To_add,,,2216
2217,SCN10A_HUMAN,To_add,,,2217
2218,F11R_HUMAN,To_add,,,2218
2219,GPC6_HUMAN,To_add,,,2219
2220,NPTN_HUMAN,To_add,,,2220
2221,ADGRG1_HUMAN,To_add,,,2221
2222,EMILIN1_HUMAN,To_add,,,2222
2223,PTCH2_HUMAN,To_add,,,2223
2224,WNT6_HUMAN,To_add,,,2224
2225,EPN1_HUMAN,To_add,,,2225
2226,LAMC3_HUMAN,To_add,,,2226
2227,ROBO1_HUMAN,To_add,,,2227
2228,CDH10_HUMAN,To_add,,,2228
2229,TNFRSF11A_HUMAN,To_add,,,2229
2230,ICOS_HUMAN,To_add,,,2230
2231,LY96_HUMAN,To_add,,,2231
2232,SPACA6_HUMAN,To_add,,,2232
